well,condition,tile,fov_token,n_p,totalVolume,n_p_totalVolume,totalArea,number_of_boundary_edges,fraction_of_boundary_edges_n_p,Mean_dgree,Std_dgree,Skewness_dgree,Kurtosis_dgree,q_25_dgree,q_50_dgree,q_75_dgree,Mean_dsc,Std_dsc,Skewness_dsc,Kurtosis_dsc,q_25_dsc,q_50_dsc,q_75_dsc,Mean_edg,Std_edg,Skewness_edg,Kurtosis_edg,q_25_edg,q_50_edg,q_75_edg,Mean_vlms,Std_vlms,Skewness_vlms,Kurtosis_vlms,q_25_vlms,q_50_vlms,q_75_vlms,Mean_fct,Std_fct,Skewness_fct,Kurtosis_fct,q_25_fct,q_50_fct,q_75_fct
B5,DMSO,0,B5_tile_0_fused_tp_0,167,4881905.0612,3.4208e-05,173717.4833,39,0.23353,13.4012,3.3529,0.86087,5.3651,11,13,15,126.3995,35.6873,-0.094041,2.6057,101.3019,128.5417,150.8603,49.9125,43.2981,3.1038,16.6015,25.0857,36.8864,56.9998,5329.5907,14256.0617,9.1048,122.0599,793.2108,1666.0633,4028.8717,2347.5336,3408.3341,2.5404,9.8008,230.5148,1203.9567,2471.9909
B5,DMSO,1,B5_tile_1_fused_tp_0,104,400001.9986,0.00026,30230.8281,29,0.27885,12.8269,2.3252,0.38777,3.4655,11,13,14,36.6519,13.3081,1.0891,5.9076,27.3315,37.0892,42.9061,25.1496,13.8514,2.6908,12.0231,17.2537,21.8167,26.8149,744.8827,738.6135,4.6601,36.0202,348.2283,598.8617,882.0451,559.8301,431.9006,1.4558,4.9104,260.9257,400.0545,752.0739
B5,DMSO,2,B5_tile_2_fused_tp_0,184,4837878.6893,3.8033e-05,160582.1001,25,0.13587,13.8696,3.0379,0.14214,2.6624,12,14,16,67.8282,39.0899,0.9513,2.9669,39.0498,51.7177,92.1316,43.4231,40.3829,2.4195,8.9507,21.1962,27.9662,46.4639,4521.382,13944.8131,12.0524,214.8813,648.3502,1132.095,3046.0567,3490.9152,4478.8096,2.1842,8.704,672.1713,1337.0003,6280.0139
B5,DMSO,3,B5_tile_3_fused_tp_0,111,531876.1367,0.0002087,36968.977,33,0.2973,12.991,2.4327,0.45581,3.2166,12,12,14.75,46.2712,18.7978,0.42024,2.6531,33.4471,44.6345,56.9211,28.9441,18.9739,2.6445,11.2426,18.4843,23.1279,30.4705,917.0278,796.0915,2.9993,16.3887,440.3561,739.4014,1102.1121,596.2738,501.4501,1.9014,7.9929,220.9,465.0428,821.5893
B5,DMSO,4,B5_tile_4_fused_tp_0,19,65318.8522,0.00029088,10725.8577,16,0.84211,8.2105,2.1494,0.030476,2.2348,6.25,8,9.75,39.0989,14.6824,0.23367,1.9597,25.6292,35.4815,50.0248,33.4188,15.8338,1.3066,4.2992,22.1031,27.3946,40.9562,1419.975,1023.116,1.0601,3.2151,707.5543,1155.4948,1909.3603,383.0663,237.7847,0.57312,2.0589,194.3232,311.8712,561.4644
B5,DMSO,5,B5_tile_5_fused_tp_0,87,425116.2315,0.00020465,31092.2393,36,0.41379,12.5287,2.5692,0.46941,2.5899,10,12,14,41.5065,14.1287,1.2115,6.9658,32.9952,40.4769,47.276,28.0454,13.1562,2.7268,14.1529,20.575,25.695,31.1024,1000.2735,701.8394,2.2337,11.553,557.7977,840.0102,1222.9575,457.2388,367.1825,1.7126,5.3921,213.2504,330.1547,561.5878
B5,DMSO,6,B5_tile_6_fused_tp_0,257,6059641.4922,4.2412e-05,196561.2434,35,0.13619,13.9767,3.924,1.2954,6.3737,11,13,16,86.5058,45.952,0.71581,2.6528,50.3986,73.484,121.3914,44.0196,39.0305,3.1172,15.0652,23.2047,31.2122,49.9851,4020.9963,9669.0845,8.5919,118.4001,752.3113,1446.352,3065.0057,2978.2007,3896.1719,2.4092,9.294,590.0405,1505.8067,3697.5322
B5,DMSO,7,B5_tile_7_fused_tp_0,38,118327.6317,0.00032114,12974.9518,26,0.68421,9.9474,2.2172,1.0472,4.1792,8,10,11,29.8076,8.0033,0.81198,6.3215,24.9675,31.4542,33.9843,25.0382,8.1451,1.5873,7.15,19.0544,23.9638,28.3603,924.4346,500.6381,0.69746,4.1972,605.8018,884.922,1175.8615,270.3115,135.3936,1.2132,4.4844,167.7141,250.2147,326.2841
B5,DMSO,8,B5_tile_8_fused_tp_0,85,1242741.4471,6.8397e-05,70843.1466,20,0.23529,12.8235,2.6689,0.36424,3.307,11,13,15,58.3171,34.4326,0.97443,3.0733,33.8531,51.2367,79.4803,42.491,36.5133,2.0676,7.0435,20.4606,27.3313,49.4286,2805.2854,5151.1283,4.8477,34.5075,594.553,1002.8709,2668.8078,1967.8652,2468.785,2.0758,7.0881,339.5803,1102.1488,2580.9358
B5,DMSO,9,B5_tile_9_fused_tp_0,58,200017.1056,0.00028998,18766.2803,26,0.44828,11.7586,2.3717,0.64071,2.6981,10,11,13,32.1706,11.4904,0.98929,6.5979,27.0916,32.539,37.3212,26.3008,13.9963,2.8227,13.9674,18.3002,23.4068,28.9616,769.2966,592.1748,2.9977,19.8578,422.0266,664.9405,978.8298,390.9642,325.1451,1.9288,7.0703,188.6489,273.7913,475.4882
B6,DMSO,0,B6_tile_0_fused_tp_0,147,1542335.4613,9.531e-05,79923.9483,26,0.17687,13.3333,3.0461,0.55075,3.7519,12,13,15,58.1027,24.5927,1.0564,4.2478,42.6244,52.2621,67.9173,35.0611,25.5146,2.8261,12.6361,21.1391,27.5193,37.9022,1904.1179,3017.8641,5.915,49.7672,595.8573,1038.1259,1977.3908,1665.0823,1708.3875,2.4601,9.9086,537.3643,1088.9916,2084.4181
B6,DMSO,1,B6_tile_1_fused_tp_0,84,697920.8952,0.00012036,45347.882,26,0.30952,12.4762,2.5951,0.28326,2.5927,10,12,14,46.0966,17.9373,1.1759,5.1752,35.7253,43.0764,51.1232,34.3763,21.0131,2.3232,9.0165,21.8195,28.4973,36.8131,1673.6712,1529.1948,3.1087,15.3937,819.2761,1293.1452,2028.3384,944.7475,911.816,1.6385,5.6419,296.0347,551.8005,1278.0292
B6,DMSO,2,B6_tile_2_fused_tp_0,149,2524257.9994,5.9027e-05,111693.6136,29,0.19463,13.6242,3.1782,0.50672,3.0706,11,13,15,71.7647,44.513,1.3229,4.1981,39.626,60.1169,85.1983,41.4759,39.1298,2.8091,12.0977,20.5559,27.2081,43.5405,3005.069,7915.3598,10.6297,172.3914,594.4775,1041.1905,2239.4227,2068.4003,2758.6295,3.2565,15.7515,568.0556,1260.0475,2628.2853
B6,DMSO,3,B6_tile_3_fused_tp_0,124,714481.2507,0.00017355,44033.2758,36,0.29032,12.8226,2.6134,0.074012,2.5399,11,13,15,48.5529,20.1122,0.94857,3.9836,36.0699,45.7324,57.3946,28.6847,16.3985,2.9197,13.9192,19.6984,24.9934,31.1447,1119.8766,1088.2638,4.1836,29.1488,566.7298,849.6967,1271.1879,647.5482,660.879,2.3259,8.5644,245.1455,412.5274,759.722
B6,DMSO,4,B6_tile_4_fused_tp_0,79,357858.9005,0.00022076,25262.5526,44,0.55696,11.2911,2.3323,0.43165,2.9788,10,11,12.75,38.7385,10.7377,-0.97193,2.9994,30.7162,44.382,46.6873,25.4814,6.8434,0.74106,4.1322,20.7861,24.7821,29.4354,1097.7267,532.7078,0.34141,3.2098,748.0662,1086.4354,1410.9803,300.7447,152.0619,0.89026,3.6542,196.4931,272.9012,384.8
B6,DMSO,5,B6_tile_5_fused_tp_0,75,784101.4894,9.5651e-05,56810.658,15,0.2,13.2267,2.4636,0.21718,2.9274,12,13,14.75,49.5364,35.0812,1.3405,3.9249,27.1562,36.5229,58.8212,42.9748,41.6201,2.3167,8.4274,19.4781,25.4094,48.0184,1917.1186,3800.7891,5.4308,45.6953,479.6992,734.1929,1526.4308,2185.0253,2608.6619,1.5054,3.7723,483.6872,1195.247,2180.7619
B6,DMSO,6,B6_tile_6_fused_tp_0,76,349843.9617,0.00021724,27694.3565,35,0.46053,12.1053,2.4417,0.57411,3.5714,10,12,13,41.3061,16.0703,1.4234,5.7371,32.3463,39.0014,48.0796,28.1008,13.91,2.1695,8.5056,20.2535,24.5767,31.1535,993.8749,729.3852,1.861,7.3188,514.383,800.2589,1227.8833,419.6115,338.2148,1.717,6.7701,148.7845,348.8909,584.0918
B6,DMSO,7,B6_tile_7_fused_tp_0,141,590984.3705,0.00023858,35326.512,59,0.41844,12.383,2.5985,0.77623,3.583,10,12,14,45.3081,11.2206,-0.70284,3.0519,38.0339,47.7007,53.9745,24.4319,7.5413,0.76234,3.9654,19.1844,23.6498,28.5644,874.2372,535.2566,0.99827,4.314,489.59,799.8459,1130.5509,309.8817,164.2352,0.84643,3.3914,191.8464,282.166,393.5341
B6,DMSO,8,B6_tile_8_fused_tp_0,42,171383.4203,0.00024506,16950.9078,27,0.64286,10.381,2.3473,0.7129,3.1251,9,10,12,33.6622,10.6876,0.28965,4.1795,26.7111,33.8451,38.6621,28.1287,11.0562,1.592,5.7184,20.8373,25.5972,30.3288,1127.5225,584.042,1.2637,5.9811,772.5687,1031.0036,1417.5416,339.0182,257.8229,2.506,10.9908,171.5209,241.7608,402.1989
B6,DMSO,9,B6_tile_9_fused_tp_0,135,969669.3768,0.00013922,55578.4962,31,0.22963,13.1259,2.9886,1.0513,5.3268,11,13,15,52.9166,21.1533,0.90186,3.6454,38.0796,49.1026,62.1348,32.158,22.3921,2.74,11.4207,20.1147,25.9345,33.08,1341.1748,1498.8372,4.2147,31.1413,581.0224,940.7117,1495.8055,958.2499,1369.5131,4.0059,22.7887,242.735,522.8397,988.1445
B7,DMSO,0,B7_tile_0_fused_tp_0,114,1254782.6944,9.0852e-05,72407.1846,19,0.16667,12.8947,2.8823,-0.09482,2.571,11,13,15,50.2152,30.9881,1.5928,5.1388,31.2448,40.7312,53.3718,35.033,28.6947,2.6493,11.0721,19.6376,24.5461,35.9897,2074.021,4342.4939,6.5668,58.4168,552.137,921.2747,1702.9687,2129.6231,2439.1705,2.2536,8.388,532.7921,1363.6991,2565.5354
B7,DMSO,1,B7_tile_1_fused_tp_0,68,217214.7195,0.00031305,19495.277,35,0.51471,11.4706,2.3339,0.71171,3.3122,9.5,11,13,33.2771,10.9122,1.0685,5.8514,25.0668,33.1797,38.5641,24.1495,10.3173,2.3081,10.1632,17.6815,21.756,26.6481,749.0163,463.4379,1.4891,6.8947,441.457,672.7394,941.9183,295.383,158.9795,1.3459,5.0105,194.9274,255.5548,349.9701
B7,DMSO,2,B7_tile_2_fused_tp_0,57,213398.6321,0.00026711,18275.6841,29,0.50877,11.3684,2.1098,1.1753,6.2549,10,11,13,33.7834,8.6375,-0.59467,2.8053,26.2782,36.0507,40.1799,25.2331,7.6053,0.89136,4.1859,19.8664,24.3526,29.0493,885.4715,451.8267,0.50385,3.6032,528.7128,888.1505,1162.6487,338.4386,152.578,0.52418,2.7669,242.1524,300.9453,448.599
B7,DMSO,3,B7_tile_3_fused_tp_0,130,1389574.7991,9.3554e-05,84262.4238,29,0.22308,13.1538,3.109,1.0213,5.4713,11,13,15,55.1236,34.7538,2.0351,7.6286,36.9609,48.0142,58.577,36.3059,34.9543,2.9755,12.6397,19.2286,24.2493,34.7418,1987.9468,5094.5823,7.9616,84.4409,534.34,792.7936,1398.862,1560.4153,2800.098,3.6791,17.8915,231.9104,519.2078,1928.4622
B7,DMSO,4,B7_tile_4_fused_tp_0,107,335131.3807,0.00031928,24175.44,47,0.43925,12.243,2.4985,0.52759,3.1227,11,12,14,37.4567,9.3663,-0.92742,3.3753,31.9804,39.4302,45.2497,22.3011,5.9942,0.47839,3.271,17.9488,21.7809,25.955,664.9432,352.2125,1.0145,5.0669,430.5019,631.2111,851.5262,268.616,104.955,0.45713,2.5068,189.1777,253.0472,337.7171
B7,DMSO,5,B7_tile_5_fused_tp_0,93,781327.9708,0.00011903,54787.5047,31,0.33333,12.6237,2.7738,0.25252,3.385,11,13,14,59.2893,33.0837,0.75152,2.6546,36.1026,50.4891,75.8543,37.7722,27.2466,1.94,6.5067,21.1888,27.8105,42.96,1676.6695,1939.6169,3.8714,29.3068,596.3545,1051.8604,1836.1472,944.6121,1053.4508,2.192,8.1798,296.8184,569.5228,1146.6672
B7,DMSO,6,B7_tile_6_fused_tp_0,129,779586.9591,0.00016547,51265.5138,38,0.29457,13.1938,2.713,0.59316,3.0879,11,13,15,48.1896,25.1882,2.5857,11.783,34.6784,43.8265,54.9316,31.7096,26.295,3.4843,16.4055,19.3694,24.7936,30.7536,1134.77,1808.1681,9.4482,132.7613,496.7167,788.8782,1196.585,712.021,1232.3545,5.047,32.7396,230.5107,354.4333,682.4233
B7,DMSO,7,B7_tile_7_fused_tp_0,86,3132625.5993,2.7453e-05,125992.0288,15,0.17442,13.2093,3.018,0.51874,3.145,11,13,15,67.1775,38.4082,0.6335,2.4475,34.8666,58.134,90.5967,55.7713,43.7798,1.5054,4.6543,25.64,39.098,71.1947,6665.1608,13682.7857,4.8858,33.6109,1028.6103,2142.4361,5847.2403,4845.8473,4804.5977,0.88962,2.2833,1007.787,3101.6526,8820.827
B7,DMSO,8,B7_tile_8_fused_tp_0,18,66465.6188,0.00027082,10244.7311,15,0.83333,8.6667,1.9097,0.49247,2.5942,7,8.5,10,31.6393,12.2567,0.34578,2.7048,23.9945,31.9171,38.2281,33.9248,16.2959,1.3364,4.9126,23.5829,30.6766,43.2891,1384.7004,1283.31,1.3912,5.1673,336.9375,1100.9299,2180.5211,394.0281,250.4896,1.0434,3.4979,188.1587,318.6544,550.4471
B7,DMSO,9,B7_tile_9_fused_tp_0,94,1497298.4478,6.278e-05,86015.3161,16,0.17021,13.2766,2.9271,0.95902,4.3996,11,13,15,52.5872,31.0164,1.1222,3.6433,32.5385,43.3169,66.0851,43.0869,35.5254,2.2426,9.0414,21.6792,28.7235,52.4581,2896.1285,4494.1298,4.1796,29.9289,642.1348,1167.3968,3105.7904,3071.9756,3018.2806,1.1625,3.6227,717.395,1545.3932,5188.016
B8,DMSO,0,B8_tile_0_fused_tp_0,66,303772.5322,0.00021727,22920.2722,31,0.4697,11.5152,2.5973,0.96736,4.7564,10,11,13,37.5705,9.0418,-0.54326,2.5008,30.6011,38.5695,45.4269,26.4369,7.6718,0.55494,3.2065,20.8138,26.0501,30.7768,1062.1417,590.7891,1.3255,5.7129,667.6644,952.3136,1323.3838,395.1771,157.2739,0.63003,3.0056,277.3634,370.4336,505.3119
B8,DMSO,1,B8_tile_1_fused_tp_0,30,80925.4397,0.00037071,9780.8779,23,0.76667,9.3333,2.1709,1.5983,5.3822,8,9,10,27.7899,6.3256,-0.90826,3.5131,25.9199,28.5312,32.4086,24.0936,5.9896,0.50854,3.4536,19.5411,23.3792,28.1181,899.1716,451.1952,0.15548,3.0035,551.7162,911.4522,1167.3276,232.878,83.4308,-0.03303,3.0339,166.8028,226.7735,277.3483
B8,DMSO,2,B8_tile_2_fused_tp_0,69,336465.5339,0.00020507,28395.4546,24,0.34783,12.029,2.3638,0.63143,3.1723,10,12,13,39.1033,17.0658,1.7512,6.9082,30.3354,36.5588,43.0927,30.1827,18.9468,2.8319,14.4408,19.5135,25.1621,32.0921,1035.2786,673.4698,1.7486,7.7357,572.6952,878.3772,1269.896,645.3512,462.9439,0.89031,2.6269,280.8962,408.2328,1011.3215
B8,DMSO,3,B8_tile_3_fused_tp_0,32,95023.0819,0.00033676,10650.9517,26,0.8125,9,2.8055,1.8434,6.7165,7,8.5,9,29.1109,5.3297,-1.722,5.9168,28.299,30.544,32.348,24.2865,6.6662,0.36379,2.9666,19.6364,23.5426,28.031,1067.6751,659.4476,0.41907,2.9943,648.8776,1005.9978,1480.8637,221.8948,70.5953,1.3228,4.7015,172.221,206.8327,246.4531
B8,DMSO,4,B8_tile_4_fused_tp_0,62,232145.0613,0.00026707,19952.1656,34,0.54839,11.3548,2.3754,0.34135,2.7685,9,11,13,37.2513,10.1047,-0.31832,2.6898,31.0233,37.7903,44.6108,26.0044,9.3159,1.1428,5.1711,19.4374,24.6172,30.9433,896.313,578.1061,0.84748,3.3015,449.5551,784.3081,1202.6137,311.7526,206.2351,1.4652,5.6443,166.8563,253.4549,407.0039
B8,DMSO,5,B8_tile_5_fused_tp_0,162,1363807.0899,0.00011879,75414.011,32,0.19753,13.6667,2.9298,0.85966,4.3373,12,13,16,51.3761,23.4351,1.4929,6.2496,36.35,47.9577,59.138,32.2054,23.8015,2.6487,10.9366,19.3128,24.9259,32.5212,1488.8724,2381.1172,4.8865,35.0094,503.9068,795.4314,1366.9135,1256.9002,1566.3923,2.1196,7.2895,284.4093,548.6894,1571.8259
B8,DMSO,6,B8_tile_6_fused_tp_0,64,296028.2474,0.0002162,26754.5975,24,0.375,12.1875,2.4936,0.53983,2.7986,10,11.5,14,35.8563,13.442,1.7592,7.1072,27.9923,34.9472,39.5719,29.0468,16.822,2.3221,9.6003,19.0155,24.3503,31.7247,970.5844,968.9176,3.2083,15.9643,460.0408,707.8085,1041.8933,608.059,527.6482,1.1688,3.7305,182.1548,421.6707,875.4023
B8,DMSO,7,B8_tile_7_fused_tp_0,56,128382.2867,0.0004362,12874.3503,36,0.64286,10.6429,2.5113,0.82038,3.3324,9,10.5,12,29.3822,6.8624,-1.1314,3.4249,24.6796,32.6234,34.5514,21.0947,5.344,0.71826,4.1635,17.154,20.6357,24.2071,614.2693,283.4294,0.20485,2.8414,420.6831,610.6292,777.2738,189.3287,73.72,1.4863,6.0028,143.6298,167.5203,210.0236
B8,DMSO,8,B8_tile_8_fused_tp_0,154,4828416.8451,3.1895e-05,171008.096,20,0.12987,13.6623,3.4285,0.60133,3.2811,11,13,16,86.5313,42.8963,0.38239,2.3538,51.0808,83.7712,116.1576,50.7479,43.481,2.2863,9.0258,23.8734,34.6633,60.0717,5480.6094,12754.663,6.8488,63.9365,872.6851,1770.4356,5007.9397,4750.2249,5819.7304,1.8013,5.4975,763.8593,2185.5018,6753.4358
B8,DMSO,9,B8_tile_9_fused_tp_0,72,488872.0945,0.00014728,35116.5848,33,0.45833,11.9444,2.5057,0.76659,5.0967,10,12,13,46.9698,20.6965,1.0111,4.044,36.4786,44.5266,54.0185,32.8169,18.9184,2.3918,9.6356,22.4109,28.3616,35.2407,1490.4637,1356.996,2.1719,8.3024,647.1805,1122.0296,1795.8569,566.3965,469.4652,1.4484,4.5434,220.3492,434.0224,700.7219
C5,100 nm TPA +ve control,0,C5_tile_0_fused_tp_0,110,478182.3041,0.00023004,31389.542,38,0.34545,12.4727,2.3606,0.61018,3.5243,11,12,14,40.0906,12.0226,-0.44857,3.0142,31.1929,41.7695,49.1462,25.2722,9.3341,1.9492,9.2122,19.4743,23.6966,28.5155,883.886,515.787,1.994,12.8075,538.4902,827.9893,1124.6633,435.9659,299.6272,2.0277,8.1779,243.3334,366.3173,557.3271
C5,100 nm TPA +ve control,1,C5_tile_1_fused_tp_0,41,141971.0777,0.00028879,14026.7047,28,0.68293,10.5854,2.617,0.46981,3.0074,9,10,12,30.793,8.1427,-0.92027,2.765,25.5493,33.306,37.251,25.6276,7.1306,0.49716,3.3077,20.7504,24.9478,29.2404,940.2058,514.7863,0.35631,2.4034,540.9258,913.7782,1283.031,269.7443,135.6779,0.9995,2.9483,172.1554,223.4841,328.075
C5,100 nm TPA +ve control,2,C5_tile_2_fused_tp_0,84,463153.0643,0.00018137,32474.3035,35,0.41667,12.381,2.7371,0.69555,3.5616,11,12,14,43.326,14.665,0.93747,6.3431,36.823,43.1385,49.7194,30.5728,16.3516,2.6089,11.3101,21.1521,27.288,33.778,1146.4185,838.5853,1.9237,9.9569,592.9246,970.6928,1482.3974,492.0349,429.7325,2.2142,8.2935,221.3363,381.8032,565.2762
C5,100 nm TPA +ve control,3,C5_tile_3_fused_tp_0,86,1988462.6941,4.3249e-05,93534.4371,19,0.22093,12.6744,3.4177,0.77269,4.297,10,12,14,64.598,38.3932,0.6808,2.2897,34.8647,54.3421,92.8818,49.7715,41.5058,1.8328,6.246,23.1617,32.4949,62.0368,4488.6291,7955.885,4.4709,28.9435,861.9943,1560.6741,4453.3565,2751.0129,2819.3019,1.5883,4.8549,970.7101,2003.3909,2953.9595
C5,100 nm TPA +ve control,4,C5_tile_4_fused_tp_0,37,167567.5906,0.00022081,16481.2019,22,0.59459,10.7027,2.2836,1.4932,5.3565,9,10,12,33.4008,8.7089,-0.15733,2.2452,27.1965,33.8185,40.2174,29.399,10.1853,0.36131,3.1292,22.2762,28.8527,36.0018,1180.0535,888.5999,1.1897,4.2573,524.8974,936.0422,1705.7723,412.03,271.0867,0.91456,3.5303,197.8534,405.3441,540.9549
C5,100 nm TPA +ve control,5,C5_tile_5_fused_tp_0,123,1273152.794,9.6611e-05,84979.7654,22,0.17886,13.2195,3.0448,0.5093,2.832,11,13,15,56.994,31.1389,0.94778,3.0223,33.2387,47.6896,70.1878,38.6457,28.0465,2.0946,8.0306,21.5211,27.3125,45.5458,1897.3961,2575.6099,3.8928,24.02,653.1817,1051.7766,1830.9092,2124.4941,2480.2877,1.9447,6.1632,587.9885,1165.6237,2519.4918
C5,100 nm TPA +ve control,6,C5_tile_6_fused_tp_0,124,532452.5775,0.00023288,35761.6812,41,0.33065,12.5968,2.55,0.080574,2.5772,11,12.5,14,43.1855,15.4732,0.91705,4.5645,32.913,42.548,50.1362,25.8638,13.7233,2.9339,13.7151,18.2173,22.6439,27.7448,860.1819,734.6342,3.5015,20.0369,478.752,712.149,998.1605,458.4831,503.9097,2.5491,9.3718,187.18,259.3421,470.5182
C5,100 nm TPA +ve control,7,C5_tile_7_fused_tp_0,34,145891.3815,0.00023305,14799.1826,22,0.64706,9.9412,2.4488,0.82308,3.6662,8,9.5,11,33.1313,9.3655,-0.29866,3.3752,29.6873,33.477,40.175,28.2211,10.9551,0.73102,3.3569,20.0782,26.5235,35.6299,1257.6843,1430.7747,3.0415,14.3329,496.3539,820.3338,1488.7187,369.9796,263.4102,1.2633,5.02,167.7994,299.3675,508.5718
C5,100 nm TPA +ve control,8,C5_tile_8_fused_tp_0,88,443022.6701,0.00019864,31642.3306,40,0.45455,12.0455,2.5771,0.74374,3.0075,10,11,13,44.3026,12.7294,0.68505,4.1896,35.7946,42.5175,53.3079,28.2471,13.3389,2.3928,12.7182,19.9741,25.246,32.5892,1093.8831,861.6334,1.9015,9.3342,502.4944,868.2494,1457.6872,416.3465,407.4306,2.874,13.1875,160.9932,293.5418,484.4596
C5,100 nm TPA +ve control,9,C5_tile_9_fused_tp_0,45,690368.3497,6.5183e-05,50861.0313,16,0.35556,12.0889,2.4663,0.31039,2.354,10,12,14.25,60.2743,30.7982,0.8284,3.1578,40.5397,55.4661,76.0464,53.5267,41.16,1.3917,3.9864,25.3832,35.1935,68.8096,3226.0203,4827.0742,4.098,24.5743,784.5989,1663.938,3393.7403,1816.4654,2055.3386,2.0001,7.0634,483.1477,1123.8007,2438.6526
C6,100 nm TPA +ve control,0,C6_tile_0_fused_tp_0,126,623624.1557,0.00020204,37361.3514,43,0.34127,12.7143,2.9715,1.0895,5.2597,11,12,14,46.5056,11.3623,-0.67028,3.9254,41.185,48.7603,53.2708,27.1096,10.4296,1.5468,7.6643,20.4022,26.0468,31.4796,982.0853,649.4699,0.91317,3.9331,441.5788,875.462,1414.0938,455.6262,315.1417,1.7766,6.6861,266.9687,336.559,591.9719
C6,100 nm TPA +ve control,1,C6_tile_1_fused_tp_0,43,214070.8924,0.00020087,22729.0028,16,0.37209,11.5349,2.4722,0.039078,2.4043,9.25,12,13,40.4036,19.4836,0.92595,3.6685,26.3089,36.2103,49.4091,34.1327,23.0326,2.2483,8.2519,20.5443,27.4695,37.5697,1114.9526,1198.316,3.6331,24.1587,436.2283,783.6423,1354.8723,811.7501,828.6701,1.1764,2.9216,212.0984,494.0738,1228.3202
C6,100 nm TPA +ve control,2,C6_tile_2_fused_tp_0,18,31202.0212,0.00057689,5298.6253,16,0.88889,8,1.6803,0.91856,3.1875,7,8,9,21.6167,3.9764,-0.63823,2.5836,18.248,22.6933,24.3799,22.6175,5.439,0.19281,2.124,17.8042,22.1339,26.8277,761.0249,466.4347,0.83678,3.1783,470.1938,686.3265,872.7455,189.2366,53.9615,0.16344,5.6723,170.5768,185.6298,215.1633
C6,100 nm TPA +ve control,3,C6_tile_3_fused_tp_0,81,575447.7673,0.00014076,46131.8132,17,0.20988,12.7901,2.5185,-0.039964,2.555,11,13,14.25,45.5718,34.0246,2.7338,11.4748,28.6549,35.7414,49.0597,36.7684,36.1886,3.2226,14.6937,18.781,24.2574,35.7392,1360.3966,1954.8018,4.4528,27.6926,495.0726,774.7534,1315.9742,1537.7271,1735.1941,1.7877,5.3948,490.61,946.2018,1916.7668
C6,100 nm TPA +ve control,4,C6_tile_4_fused_tp_0,43,106930.5571,0.00040213,11850.7374,25,0.5814,10.5116,2.0973,0.66508,3.0762,9,10,12,27.899,7.988,-0.32188,3.6257,24.1431,29.018,31.7578,22.8525,7.1671,1.2599,5.3136,18.1313,21.6798,25.7373,664.165,352.8217,0.44447,2.9974,418.9022,638.6024,895.2758,257.6247,132.7871,1.1152,3.9739,159.2194,221.6623,327.6496
C6,100 nm TPA +ve control,5,C6_tile_5_fused_tp_0,28,143691.9469,0.00019486,14828.6142,18,0.64286,9.4286,1.8344,0.33592,2.7972,8,9,11,31.4601,10.3923,-0.15499,2.4882,21.6589,33.1139,37.7513,29.8309,10.242,1.2597,4.9254,23.2083,27.5425,34.9224,1614.5163,911.5554,1.4054,6.3916,1021.4209,1424.9823,2092.0276,463.3942,271.0365,2.5812,11.9325,286.1497,384.776,586.6071
C6,100 nm TPA +ve control,6,C6_tile_6_fused_tp_0,111,2136387.7352,5.1957e-05,96321.1688,25,0.22523,13.2613,2.9595,0.18106,3.5162,12,13,15,66.1453,28.836,0.91409,3.7293,46.3323,64.4256,77.0422,44.7012,32.4131,1.964,7.0115,23.6356,33.1116,54.3507,3542.9316,5535.7375,4.4159,30.3958,936.2971,1738.5387,3750.8696,2093.9385,2728.5932,2.4427,8.9952,567.0161,1043.4373,2303.0532
C6,100 nm TPA +ve control,7,C6_tile_7_fused_tp_0,66,279985.4247,0.00023573,21839.6387,30,0.45455,11.4242,2.2672,0.54234,3.6602,10,11,13,36.6866,9.0364,-0.58253,3.1981,31.378,36.6931,44.8393,25.9245,8.4272,0.84136,3.8601,19.8736,24.9002,30.3068,985.8642,539.5979,0.54019,2.8579,594.2519,896.4166,1299.8034,389.9935,208.0044,0.65313,3.3325,235.3479,367.3711,513.8814
C6,100 nm TPA +ve control,8,C6_tile_8_fused_tp_0,60,893098.1897,6.7182e-05,65717.0757,17,0.28333,12.3,2.9129,0.57943,3.1886,11,12,13,62.6631,33.2508,0.63077,2.9649,35.8287,56.1271,88.1636,47.3877,36.7013,2.1643,9.1491,23.5022,35.0796,60.5884,3027.4515,5132.5444,4.6104,29.4506,721.888,1357.7095,3001.8095,2190.5692,2439.4921,1.9811,6.5594,876.0379,1267.3108,2756.02
C6,100 nm TPA +ve control,9,C6_tile_9_fused_tp_0,55,381435.0929,0.00014419,32560.4046,24,0.43636,11.6364,2.4598,0.21483,2.1199,10,11,14,48.1592,24.3183,1.3163,4.6602,33.7684,42.7004,55.187,36.7275,28.6865,2.5681,9.7938,21.4064,27.5125,38.9436,1563.2586,1548.5121,2.1955,8.2925,592.6556,995.1533,1879.3534,740.0092,743.9784,1.5636,4.6693,238.4398,403.0776,951.3058
C7,100 nm TPA +ve control,0,C7_tile_0_fused_tp_0,185,2024412.9639,9.1385e-05,88763.5115,27,0.14595,13.7081,3.2221,0.63199,3.3427,11,14,16,63.1275,25.1743,0.43442,2.5045,44.2926,56.8573,82.7886,35.213,23.6236,2.8658,13.9627,21.3117,29.0695,39.0236,1911.627,2313.3412,4.401,32.4821,728.5109,1245.3928,2213.5911,1775.2702,1820.0071,1.8496,6.8672,464.2903,1153.0556,2218.114
C7,100 nm TPA +ve control,1,C7_tile_1_fused_tp_0,139,861940.0732,0.00016126,52340.5741,38,0.27338,13.2374,2.9157,0.54737,3.1688,11,13,15,51.4258,24.0829,1.5838,6.0418,36.8174,47.089,61.2182,30.6314,21.4176,3.2629,17.8717,19.2709,24.7492,32.8309,1155.4156,1349.8977,3.9693,24.2226,463.2394,801.543,1360.0595,726.9524,938.3971,3.6973,20.447,193.317,458.6588,839.2831
C7,100 nm TPA +ve control,2,C7_tile_2_fused_tp_0,61,592255.0465,0.000103,44411.0488,19,0.31148,12.2295,2.5059,0.51241,2.8463,10,12,14,54.21,29.5643,0.98828,3.6423,33.09,45.9121,73.5798,42.2753,34.8894,2.3182,8.5836,21.4318,29.8147,48.6902,2000.8616,2545.4768,3.7248,21.8919,715.1906,1121.5537,2203.3008,1306.2073,1071.6385,1.6389,5.7609,527.4338,1054.1212,1716.1578
C7,100 nm TPA +ve control,3,C7_tile_3_fused_tp_0,78,367662.1898,0.00021215,26924.3235,37,0.47436,12.0256,2.6481,0.8591,4.085,10,12,13,37.9471,11.9933,-0.11879,3.149,29.6819,40.3407,44.7966,26.6611,9.8253,1.881,8.9638,20.2606,25.2006,30.1513,1029.8661,717.2638,2.4011,12.5076,622.3093,925.6956,1249.2079,384.6332,280.452,1.6158,5.2029,192.5795,299.5014,517.7965
C7,100 nm TPA +ve control,4,C7_tile_4_fused_tp_0,42,381235.2212,0.00011017,32449.366,21,0.5,11.3333,2.1939,-0.081566,2.3129,10,11,13,46.219,19.5569,0.047911,2.2325,31.722,44.9224,57.7404,40.7315,22.748,1.4806,5.4183,25.3547,34.6232,51.2566,2141.7709,1913.9155,2.0427,8.0938,862.1114,1626.7313,2729.3988,853.9307,762.8931,1.4859,4.9443,305.9991,737.1456,1166.0758
C7,100 nm TPA +ve control,5,C7_tile_5_fused_tp_0,110,558522.63,0.00019695,36343.0374,32,0.29091,12.3818,2.5665,1.1381,6.0587,10,12,14,42.5831,15.2504,0.64738,3.5553,33.8877,40.3502,50.0701,26.9609,15.0403,3.1168,15.7297,18.6783,23.302,28.3688,1030.4846,983.7847,5.2549,45.1187,547.4156,793.535,1213.6978,605.7173,508.5668,1.7077,5.5303,282.7162,440.0263,770.1432
C7,100 nm TPA +ve control,6,C7_tile_6_fused_tp_0,40,122824.2834,0.00032567,12812.8784,25,0.625,10.6,2.3729,0.6143,2.4518,8.5,10,12,29.4593,7.9631,-1.1138,3.2899,26.2474,32.2019,34.9911,24.8416,7.0727,0.63541,4.127,20.1303,24.237,29.0133,818.8286,488.6851,0.84197,4.0624,453.2373,768.9413,1097.3283,278.5408,149.5257,0.9507,3.5932,171.7087,267.5268,337.1781
C7,100 nm TPA +ve control,7,C7_tile_7_fused_tp_0,133,1778723.3643,7.4773e-05,84455.2279,28,0.21053,13.4737,2.704,0.3359,3.7422,12,13,15,59.0611,31.7396,0.78178,2.5917,35.0776,47.7638,80.552,39.9005,32.4819,2.0226,7.3759,20.0247,25.9365,48.0592,2410.1943,4357.9477,6.0926,62.9235,568.5286,997.6999,2359.5126,1624.139,1646.2196,1.3811,4.0275,401.8881,1044.9896,2263.139
C7,100 nm TPA +ve control,8,C7_tile_8_fused_tp_0,85,316042.6822,0.00026895,23446.3989,41,0.48235,12.1412,2.305,0.4251,2.6957,10,12,14,37.6466,9.5687,-0.97834,3.3182,32.2858,39.6817,45.2099,24.5072,7.0844,0.83355,4.7002,19.211,24.1937,28.3212,804.1799,411.915,0.76142,4.4197,518.8999,771.3391,1058.4878,300.5949,164.9491,0.98983,3.6236,166.5797,270.9885,392.5497
C7,100 nm TPA +ve control,9,C7_tile_9_fused_tp_0,58,183063.6599,0.00031683,16548.8421,31,0.53448,11.069,2.5606,1.0295,4.6285,10,11,12,32.4949,8.5431,-0.82103,3.0144,27.4022,33.9669,39.9848,23.9377,7.4787,0.66308,3.6053,18.483,23.7722,28.3162,778.9943,493.2042,0.93008,3.7106,422.7012,685.4886,1033.1619,285.3249,133.0967,0.89489,3.5031,181.5515,268.1608,357.6071
C8,100 nm TPA +ve control,0,C8_tile_0_fused_tp_0,178,919828.5833,0.00019351,49015.4156,51,0.28652,13.1798,2.6385,1.0019,6.3803,11,13,15,52.2988,15.1842,-0.32068,3.1767,43.0109,53.6301,61.9085,26.4789,11.6521,2.9375,17.3804,19.8374,24.7146,29.8136,971.3079,684.1041,1.8054,7.9249,503.6981,810.9501,1261.2282,500.1573,373.5889,1.9252,7.0083,268.3297,363.8068,619.209
C8,100 nm TPA +ve control,1,C8_tile_1_fused_tp_0,88,806117.3835,0.00010917,55381.7884,30,0.34091,12.8864,2.9378,0.32832,2.9483,11,13,14.5,58.0688,35.3518,1.3137,4.2309,35.2208,48.2095,67.1987,39.9938,36.5389,2.5927,10.5706,19.6656,26.0466,43.1047,1783.4455,2570.9874,3.6412,19.9812,520.3988,813.4901,1948.3234,988.9605,1110.9143,2.108,7.6699,262.621,560.7949,1305.2308
C8,100 nm TPA +ve control,2,C8_tile_2_fused_tp_0,94,1541413.715,6.0983e-05,77281.5842,21,0.2234,12.8723,2.764,0.59711,4.3938,11,13,14,66.5785,23.9044,0.33447,3.8273,53.5395,65.7774,79.3618,45.8265,32.1772,2.0533,7.7295,25.4245,35.1679,55.4211,3126.5998,3124.6327,2.7395,14.3436,1149.8878,2104.3256,3775.8858,2033.7259,2344.6637,1.7373,4.9458,586.0564,1005.3503,2709.8421
C8,100 nm TPA +ve control,3,C8_tile_3_fused_tp_0,142,5359253.7171,2.6496e-05,191804.6536,22,0.15493,13.3803,3.6703,0.63094,4.2699,11,13,16,91.599,56.302,0.79767,2.8655,47.25,77.9072,130.4779,49.8331,52.5375,2.5671,10.2647,20.6373,27.9276,54.8946,6792.4635,20807.5213,6.3402,50.3208,557.2048,1058.4497,3706.3646,4795.1163,7588.8084,2.174,7.2565,258.366,1378.8553,5649.4843
C8,100 nm TPA +ve control,4,C8_tile_4_fused_tp_0,51,245669.9456,0.0002076,20234.4974,30,0.58824,11.1765,2.6586,0.65957,2.9497,9,11,12.75,36.3471,9.0998,-0.58243,2.432,29.251,38.8324,43.1281,27.977,9.1221,0.70198,4.0315,22.1401,26.8949,32.845,1186.8113,800.2193,1.3455,5.9233,584.3538,1007.7285,1611.1287,361.3303,186.6931,1.142,4.785,232.1071,317.4693,462.4372
C8,100 nm TPA +ve control,5,C8_tile_5_fused_tp_0,70,335958.786,0.00020836,27326.3894,28,0.4,11.8857,2.4289,0.3236,3.449,10,12,13,40.6913,14.8083,1.1471,6.3858,33.2431,41.1427,46.9242,28.9778,14.1822,2.5651,12.263,20.7613,26.0481,32.2863,1046.6006,699.229,1.3271,5.9315,554.183,944.3919,1403.7735,525.5075,440.2516,1.7166,5.8027,213.6451,422.9299,648.2453
C8,100 nm TPA +ve control,6,C8_tile_6_fused_tp_0,86,1122091.2593,7.6643e-05,64391.2052,19,0.22093,12.5814,2.8345,0.93217,4.1896,11,12,14,65.7707,26.3979,-0.031672,2.5042,47.5407,66.1624,83.4513,40.2398,31.9714,2.2193,7.9594,21.1039,28.6589,45.4741,2556.0165,3630.6951,3.2618,16.4364,614.0794,1188.9886,2934.0685,1893.859,1896.3621,1.5592,5.0005,479.8421,1272.8641,2831.3227
C8,100 nm TPA +ve control,7,C8_tile_7_fused_tp_0,88,391309.5923,0.00022489,29681.0293,38,0.43182,12.1818,2.6066,0.38321,2.9654,10.5,12,14,41.483,16.8828,1.7589,7.6657,32.1405,40.1026,46.0705,28.0689,17.0187,3.0034,13.4696,18.9023,24.2501,29.7017,947.4809,807.6632,3.1042,17.1736,502.2786,748.3222,1104.0788,412.2365,347.7836,1.4478,4.2922,174.9196,295.7854,488.549
C8,100 nm TPA +ve control,8,C8_tile_8_fused_tp_0,219,3633999.648,6.0264e-05,134059.7725,25,0.11416,14.0822,2.8977,0.45775,3.6439,12,14,16,60.0054,31.1432,1.4463,5.0047,42.0722,52.8301,66.5702,36.4689,30.6297,2.5138,10.3472,19.4118,25.5031,38.0627,2793.2357,8101.2297,12.0855,229.5618,540.3256,918.9974,1823.2431,2914.3429,3109.6872,1.323,3.8644,624.4791,1742.6775,4785.033
C8,100 nm TPA +ve control,9,C8_tile_9_fused_tp_0,178,1705385.9015,0.00010438,92087.0287,34,0.19101,13.5955,2.8808,1.0409,5.9018,12,13,15,55.4756,31.1942,1.5912,5.5091,37.0225,48.979,59.9389,34.6063,32.402,3.0972,13.4383,19.3173,24.0026,31.0289,1703.6822,3353.466,8.1087,109.1057,528.9657,808.4896,1354.5873,1438.8598,2360.6336,3.4681,15.0789,366.7094,783.7811,1509.7418
D5,20 nm Binimetinib,0,D5_tile_0_fused_tp_0,43,143826.2285,0.00029897,13938.3669,30,0.69767,9.907,2.3686,1.1345,3.718,8,9,11,31.0581,7.5099,-1.1563,2.991,28.1898,34.0477,36.026,24.118,5.7754,0.55364,4.0973,19.9383,23.5454,28.0323,1005.7778,481.8936,-0.021949,2.7226,700.3168,999.3223,1291.1929,248.8994,85.191,0.73844,2.7313,177.8905,229.4498,296.8601
D5,20 nm Binimetinib,1,D5_tile_1_fused_tp_0,180,3986776.5272,4.5149e-05,142977.6482,33,0.18333,13.9556,3.3356,0.30424,3.0804,12,14,16,76.261,40.1158,0.44664,2.0683,41.2892,72.9284,104.324,44.9674,35.4634,2.3185,10.2809,22.7907,32.0726,55.0068,3811.4498,6459.0878,4.2374,25.8636,751.8791,1511.9381,4021.9946,2306.0911,2565.0228,1.4592,4.2496,315.0847,1539.1669,2962.7175
D5,20 nm Binimetinib,2,D5_tile_2_fused_tp_0,49,989288.4099,4.9531e-05,73079.8048,9,0.18367,12.1224,2.8404,0.76204,2.9584,10,12,14,63.8413,43.4886,1.4496,5.0312,33.9998,52.0637,81.982,57.82,55.0846,2.2715,9.2245,22.6258,37.0386,73.4871,4087.9686,7967.8988,5.1108,35.7339,672.258,1600.8697,3875.1411,5219.9861,5372.7527,1.1182,3.6694,647.8267,3923.3047,7861.9529
D5,20 nm Binimetinib,3,D5_tile_3_fused_tp_0,164,968467.6736,0.00016934,51999.8338,44,0.26829,13.2561,2.6645,0.79508,3.9084,11,13,15,52.7228,15.7562,0.14402,3.268,42.8829,53.275,61.7582,28.5933,13.2835,2.1834,9.9538,20.6545,26.075,31.9335,1098.0359,708.9453,1.5958,8.0729,595.5274,955.0911,1449.6786,619.0456,501.177,1.6139,5.8929,274.0758,446.5619,803.4896
D5,20 nm Binimetinib,4,D5_tile_4_fused_tp_0,92,343980.5502,0.00026746,25046.2544,44,0.47826,11.9565,2.7413,0.65074,3.3948,10,11.5,14,38.8578,9.2776,-0.70838,3.4538,31.9092,41.1855,45.5145,24.4625,8.3939,1.5019,8.1248,19.0018,23.4554,28.3938,824.8934,524.3996,0.94457,4.2932,423.4919,758.1873,1132.8532,298.1697,205.111,1.3251,4.4904,138.498,246.0316,418.1057
D5,20 nm Binimetinib,5,D5_tile_5_fused_tp_0,80,230986.4894,0.00034634,19183.4866,38,0.475,11.75,2.2698,0.74999,3.7784,10,11,13,33.0013,9.3672,-0.64916,3.5372,27.5722,36.4764,39.4841,22.3708,7.0267,1.6354,8.4953,17.7057,21.5552,24.9256,650.6662,338.1802,0.49517,3.0314,424.4449,618.0745,854.9105,266.4373,124.6418,1.1863,4.1064,179.1984,227.9827,319.2688
D5,20 nm Binimetinib,6,D5_tile_6_fused_tp_0,92,1005891.4638,9.1461e-05,67790.3224,20,0.21739,13.2391,2.9328,0.42801,2.945,11,13,15,54.6526,30.2286,1.1828,3.5768,33.7104,44.5513,66.5623,40.8178,35.4179,2.5901,10.6291,21.4822,27.9776,42.5837,2011.7829,3140.2883,5.1406,39.5741,591.9939,1057.5456,2135.3032,1883.0645,3112.519,3.1744,13.629,363.7402,911.0149,1676.7378
D5,20 nm Binimetinib,7,D5_tile_7_fused_tp_0,49,155763.1819,0.00031458,15194.756,25,0.5102,11.1429,2.5,1.4526,6.2503,9,11,12,30.5557,7.7968,0.45293,4.3269,25.067,31.4898,36.0334,24.7467,9.6374,1.5651,6.8522,18.5947,23.431,28.2186,771.1049,509.7514,1.2228,5.2071,406.0656,690.1914,1019.1276,330.3208,226.6691,1.4243,4.6066,199.0786,252.9303,379.4552
D5,20 nm Binimetinib,8,D5_tile_8_fused_tp_0,87,1134225.6638,7.6704e-05,65960.7494,19,0.21839,13.2414,2.9648,0.59795,4.4582,11,13,15,52.7618,27.9636,0.87707,2.9399,33.3422,46.5767,64.7845,42.1366,33.6743,1.87,6.4002,20.8925,28.3188,51.7331,2397.9401,4724.675,5.543,43.3066,562.4315,946.8253,2071.3507,1940.022,2273.9253,1.5257,4.3868,385.1437,827.5625,2767.2027
D5,20 nm Binimetinib,9,D5_tile_9_fused_tp_0,32,115653.7772,0.00027669,13330.3405,20,0.625,10.625,2.1665,0.030217,3.0725,9,11,12,29.7596,11.7471,1.3076,5.4552,20.3213,30.2379,34.4284,28.9031,14.6835,1.6921,5.7731,20.0309,24.6334,31.7943,955.8163,822.4668,2.5904,13.0219,446.9731,785.9517,1232.2898,370.2872,219.7878,1.1453,4.6507,224.6544,340.6235,447.1823
D6,20 nm Binimetinib,0,D6_tile_0_fused_tp_0,93,338583.7321,0.00027467,25358.1923,35,0.37634,12.3656,2.3068,0.5631,2.7653,11,12,14,36.0892,11.0363,0.007632,4.0621,28.7935,38.1946,43.4779,24.475,10.7668,3.0201,16.5749,18.2807,22.5588,26.9135,752.4083,403.4822,1.3782,6.4474,501.7811,702.9736,924.6596,384.215,338.9558,3.3464,18.042,206.7833,279.0585,423.5739
D6,20 nm Binimetinib,1,D6_tile_1_fused_tp_0,67,358179.2047,0.00018706,28388.3261,29,0.43284,12.0597,2.4301,0.8363,4.0972,10.25,12,13,37.8254,15.7591,2.3609,13.8185,29.0221,37.8702,44.4477,29.461,17.8059,3.2019,16.1575,20.1563,25.6305,30.8513,1151.7016,1216.3368,3.8675,24.3993,500.4738,834.2662,1334.8471,525.7097,495.6801,2.832,11.7425,254.3391,407.9193,575.5668
D6,20 nm Binimetinib,2,D6_tile_2_fused_tp_0,119,1156970.283,0.00010285,69387.6324,29,0.2437,13.1597,2.7647,0.67916,4.3148,11,13,15,55.04,33.1328,1.9066,6.8207,35.4513,47.2448,60.1792,35.9263,30.652,3.0831,14.2065,19.7769,25.7553,38.3212,1813.433,4261.5826,8.6293,97.7742,560.0856,893.1645,1528.8565,1284.9562,1270.2426,1.7291,5.8944,380.081,845.9686,1623.0312
D6,20 nm Binimetinib,3,D6_tile_3_fused_tp_0,99,1280453.1692,7.7316e-05,73792.6523,22,0.22222,12.9697,2.9466,0.63591,3.9355,11,13,15,53.712,29.2741,1.2222,4.19,34.955,46.6132,64.1102,37.7997,28.0975,2.4564,11.0389,21.1126,27.9752,44.0173,2443.6129,3796.4593,3.4584,16.5624,587.9046,1075.7155,2541.917,1844.8163,1973.748,1.5064,4.2429,455.1024,962.9469,2826.4434
D6,20 nm Binimetinib,4,D6_tile_4_fused_tp_0,57,259396.1756,0.00021974,25190.8029,27,0.47368,11.3333,2.996,0.80806,3.5257,10,11,12.25,43.8168,18.9068,1.0463,3.5039,31.4801,39.0319,51.1463,32.2494,21.7915,2.2316,7.7304,20.1155,25.8361,34.0212,1071.885,1062.0101,2.9982,15.9148,393.5574,804.5547,1397.0132,503.8161,439.8409,1.2679,3.5728,174.5321,331.6762,728.9147
D6,20 nm Binimetinib,5,D6_tile_5_fused_tp_0,95,2741947.7166,3.4647e-05,119541.7633,21,0.22105,13.2,3.5147,0.44474,3.2579,11,13,15,68.6869,41.9702,0.59396,2.2396,32.0663,57.7427,97.3095,53.6364,45.8113,1.5417,4.7136,22.0799,32.5627,71.4684,5334.5286,10549.5022,4.5953,30.8876,693.4168,1450.642,5355.5224,3145.8359,3546.326,1.5946,4.7043,808.507,1849.62,4431.3761
D6,20 nm Binimetinib,6,D6_tile_6_fused_tp_0,123,1006289.7986,0.00012223,66898.1905,22,0.17886,13.1382,3.1992,0.33706,2.4344,11,13,15,60.5428,33.5263,1.0642,3.636,35.1092,49.5588,79.3024,37.2041,35.0949,3.1897,15.1842,19.1151,25.8354,38.3126,1510.9456,2481.1975,6.3012,63.3143,469.884,831.8017,1448.0917,1672.4548,1555.1688,1.1886,3.6162,412.4242,1303.1084,2347.2706
D6,20 nm Binimetinib,7,D6_tile_7_fused_tp_0,90,314966.3227,0.00028574,23859.1146,41,0.45556,12.2889,2.5758,0.95476,5.2597,11,12,13,36.8213,10.1925,-0.49934,3.0401,30.1555,39.2064,43.5099,24.0775,8.7454,1.5156,7.0428,17.9919,23.1211,27.8558,741.0972,526.3811,1.885,9.0171,387.0595,644.5796,955.6002,305.8861,173.2244,1.3157,4.7929,192.4393,267.5882,367.1461
D6,20 nm Binimetinib,9,D6_tile_9_fused_tp_0,72,254924.3654,0.00028244,20713.5444,31,0.43056,11.6944,2.5709,0.49766,2.9403,10,11,14,35.8256,9.2722,-0.81444,3.53,30.4344,37.2873,43.2655,24.8242,8.271,1.0638,4.4269,19.2804,23.3045,28.93,794.1569,460.9446,1.0269,4.9121,499.9658,756.7395,1026.9634,357.1301,187.9192,0.90393,3.4934,209.873,329.8661,458.9074
D7,20 nm Binimetinib,2,D7_tile_2_fused_tp_0,66,291231.9002,0.00022662,25055.9951,26,0.39394,12.1515,2.3154,-0.35046,2.9565,11,12,13,37.721,15.9437,1.2212,5.5816,28.0124,37.1343,44.1234,28.9622,16.6199,2.7472,13.7701,19.6724,25.0291,30.8182,933.4356,865.4669,4.2306,32.1077,475.2223,764.6878,1144.4256,521.9999,439.9617,1.2985,4.3867,224.9711,393.9068,751.8095
D7,20 nm Binimetinib,4,D7_tile_4_fused_tp_0,84,612943.2618,0.00013704,47196.4982,29,0.34524,12.3095,2.3997,0.22077,3.6429,11,12,14,47.2471,29.4871,2.0656,7.2289,32.1957,39.6823,49.4996,34.1565,25.3484,2.5977,9.9853,20.8159,25.7738,34.2893,1506.0031,1953.4948,4.2644,25.0283,697.8295,963.0525,1394.5894,874.0092,823.2368,2.1291,7.7082,357.0938,634.2242,1076.9575
D7,20 nm Binimetinib,7,D7_tile_7_fused_tp_0,58,240137.9873,0.00024153,19731.9088,30,0.51724,11.4483,2.5003,-0.043528,2.0851,10,11,14,34.4144,10.5693,-0.81557,2.7608,28.3214,38.183,42.3288,25.8302,8.414,0.65027,3.4286,19.442,24.7073,30.233,972.2186,627.5013,1.3382,5.1036,522.2212,850.145,1231.423,352.3555,207.4853,0.5532,2.6475,186.0613,318.1335,520.3022
D7,20 nm Binimetinib,9,D7_tile_9_fused_tp_0,58,165950.3673,0.0003495,15506.6773,34,0.58621,11.4138,2.6952,0.90918,4.4045,9,11,13,31.9683,7.8906,-0.90575,3.4564,27.9916,33.4705,37.6588,23.557,6.9519,0.72312,4.3461,18.3225,23.0792,27.6923,685.7453,404.5785,0.94136,4.4143,419.1097,628.1639,895.9559,242.2918,107.0779,1.0047,4.3098,169.1794,219.6675,301.3102
D8,20 nm Binimetinib,1,D8_tile_1_fused_tp_0,59,273324.7326,0.00021586,21913.6054,29,0.49153,11.5932,2.4291,1.931,9.5368,10,11,12.75,37.1902,9.922,-0.41634,2.6986,29.9186,38.8926,44.5179,27.7512,9.2473,1.1245,4.7194,20.9658,26.2483,32.2804,1063.5204,680.8177,1.7411,8.1917,651.4599,922.5691,1321.592,405.8075,223.6407,1.9306,8.678,288.5543,353.8684,481.2824
D8,20 nm Binimetinib,3,D8_tile_3_fused_tp_0,79,641301.4793,0.00012319,43805.886,29,0.36709,12.2532,2.5744,0.52491,3.3998,10.25,12,14,54.3346,24.967,1.0647,4.5271,37.9472,52.3427,63.3885,34.0847,25.425,2.9768,13.0165,21.0432,26.3913,35.7785,1692.0883,2568.8405,5.2079,37.3074,583.9543,979.6755,1749.3094,811.2201,834.3634,1.5702,4.4889,261.4999,409.0836,1002.0296
D8,20 nm Binimetinib,6,D8_tile_6_fused_tp_0,40,105740.082,0.00037829,11480.612,29,0.725,10.1,2.3837,1.042,3.5607,9,9,11,28.9201,6.7164,-1.1667,3.5261,25.7243,30.7009,33.4731,23.4031,6.7212,0.57309,3.5982,19.0716,22.9015,27.4277,777.5006,492.0689,0.46519,2.6642,392.0349,745.8445,1059.3647,212.6039,116.9952,0.72124,3.1087,123.2862,192.3042,284.9147
D8,20 nm Binimetinib,9,D8_tile_9_fused_tp_0,183,1042428.6882,0.00017555,58104.7728,44,0.24044,13.3333,2.8981,0.43899,2.9221,11,13,15,50.6163,19.3829,2.4455,12.3734,40.3858,50.1009,55.9305,28.0343,19.7375,3.5979,18.1341,18.8536,23.5934,28.9397,1046.6151,1261.7357,5.6227,51.484,444.2678,742.0915,1181.9365,691.7235,876.6321,3.0466,13.242,257.5005,381.1136,797.5447
E5,60 nm Binimetinib,0,E5_tile_0_fused_tp_0,151,2268020.9961,6.6578e-05,103739.3448,22,0.1457,13.7748,2.9714,0.71552,4.0602,12,13,15,66.2384,28.6344,0.38531,3.2559,46.4943,65.1261,83.8504,39.6965,31.0337,2.3931,9.5836,21.5294,28.7832,43.3845,2606.9207,5197.3419,7.5928,86.2044,709.5928,1197.4676,2372.0074,2593.4836,2454.4352,1.25,3.4217,866.6318,1771.0059,3774.8158
E5,60 nm Binimetinib,1,E5_tile_1_fused_tp_0,68,556971.9777,0.00012209,41471.6932,23,0.33824,12.1471,2.5989,0.27937,2.7771,10,12,14,54.5755,25.7756,0.36077,2.3718,37.6507,51.2573,73.6007,36.8412,28.4014,2.0935,7.2061,20.0065,26.3619,41.7567,1713.7599,2456.792,4.1626,26.6675,534.3177,836.6851,1797.4092,987.4213,1146.6372,2.5685,11.6165,191.7406,662.3374,1382.5704
E5,60 nm Binimetinib,3,E5_tile_3_fused_tp_0,68,200175.3496,0.0003397,17866.7683,34,0.5,11.6471,2.1284,0.70231,3.091,10,11,13,33.5495,9.4762,-0.29842,4.1256,26.5858,34.4708,39.7351,23.2589,7.6626,1.1569,4.8081,18.2325,22.0345,26.565,673.9911,371.7591,0.61784,3.3746,416.0438,643.9288,899.3733,279.1683,148.8359,0.99984,3.4127,184.3183,233.8788,360.8689
E5,60 nm Binimetinib,4,E5_tile_4_fused_tp_0,66,276154.0816,0.000239,21187.7106,45,0.68182,10.5758,2.9303,1.222,4.1178,9,10,12,38.4066,7.5234,-1.3715,3.8998,35.6878,41.476,43.2196,25.3453,6.6967,0.37314,3.4572,20.8214,24.8505,29.5012,1145.8676,702.0133,0.81294,3.9623,729.3266,1069.1113,1472.6391,246.3687,116.8374,0.80866,3.7608,158.5011,235.0508,295.0836
E5,60 nm Binimetinib,5,E5_tile_5_fused_tp_0,71,564855.0528,0.0001257,39926.9073,22,0.30986,12.2254,2.3555,0.32872,2.6961,10.25,12,14,42.0983,18.3986,2.4027,11.9523,32.7707,40.9106,46.794,34.8801,25.1697,3.0434,13.9284,22.0226,27.5518,35.9695,1642.0205,1561.3538,3.2372,16.6807,826.3425,1217.7027,1933.2474,998.1727,1470.5499,3.2229,14.7793,245.6846,466.8617,878.4089
E5,60 nm Binimetinib,7,E5_tile_7_fused_tp_0,97,543054.8186,0.00017862,35931.5773,40,0.41237,12.4948,2.7993,0.44371,3.3359,11,12,14,44.615,14.2091,1.3634,7.547,36.4994,45.7655,49.5605,29.4837,15.485,2.9853,14.9118,21.4296,26.8538,32.553,1150.5399,871.8238,2.1865,10.5549,553.4099,977.0607,1479.0667,472.7839,333.9144,1.0299,3.2494,220.9414,371.5644,610.1732
E5,60 nm Binimetinib,9,E5_tile_9_fused_tp_0,63,318476.3971,0.00019782,26528.8436,28,0.44444,12.127,2.3725,0.83388,3.8012,11,12,13,39.3307,13.3125,0.33227,2.9804,28.7358,38.8672,46.9563,29.5534,12.6661,1.5937,6.3134,21.2006,27.3228,33.872,1083.2531,890.9404,2.4388,11.9686,516.4963,868.4104,1353.845,510.1701,271.5228,0.69063,2.6412,289.7429,477.1234,654.8592
E6,60 nm Binimetinib,0,E6_tile_0_fused_tp_0,195,2123472.3406,9.1831e-05,89637.9931,26,0.13333,13.6,2.8545,0.50022,3.5505,12,13,15,58.7958,23.7274,0.431,2.7922,40.7407,58.0466,73.1082,32.9408,23.6839,2.358,9.0479,19.7111,24.4811,35.4719,1916.4913,3527.5376,7.1531,78.3158,590.5085,924.4078,1780.8041,1867.4582,2015.1854,2.2361,9.4442,470.7493,1186.8639,2806.83
E6,60 nm Binimetinib,2,E6_tile_2_fused_tp_0,47,107619.5251,0.00043672,12105.9527,28,0.59574,11.1915,2.4374,1.0679,4.9164,9,11,12.75,28.2225,8.5017,0.37314,4.4663,23.7612,28.4459,32.7273,22.9416,8.1431,1.4363,6.1169,17.9735,21.7544,26.1795,563.453,352.0473,1.1056,6.4622,293.1855,558.7098,769.0148,232.8068,128.7366,1.0704,3.6657,148.2665,199.876,285.4933
E6,60 nm Binimetinib,3,E6_tile_3_fused_tp_0,35,61829.477,0.00056607,9058.0549,22,0.62857,10.6857,2.2722,0.56367,3.0862,9,10,12,26.1084,9.6979,0.37618,3.6945,21.1326,24.7297,31.6015,23.3381,10.0145,1.5392,5.4492,16.7702,21.1044,26.4208,464.8833,346.121,2.2649,12.1719,238.6168,434.672,613.5278,226.4514,123.1083,1.6509,7.4638,135.176,196.417,291.2804
E6,60 nm Binimetinib,4,E6_tile_4_fused_tp_0,57,170549.4717,0.00033421,15752.0798,30,0.52632,11.1579,2.274,0.87882,3.6334,9,11,13,31.7049,8.0934,-0.67804,2.6023,25.6303,33.9653,38.4154,23.4245,7.3571,0.84095,4.0232,18.6366,22.5627,26.9764,728.8439,435.6353,0.95825,4.3945,452.4307,680.8742,993.5341,281.2871,143.4405,0.8504,3.0946,172.1319,251.0146,365.6358
E6,60 nm Binimetinib,5,E6_tile_5_fused_tp_0,34,133496.8448,0.00025469,13716.1498,22,0.64706,9.8824,2.1849,1.4441,6.6798,8,10,11,29.7501,9.3656,-0.48957,3.3038,25.3233,31.268,35.0208,26.847,8.9011,1.1668,5.234,21.0788,25.2915,30.9194,1160.8421,645.0549,0.94675,4.8182,675.7333,1099.4397,1504.6166,342.9037,184.4414,1.6339,5.9936,201.4073,321.8789,391.6986
E6,60 nm Binimetinib,6,E6_tile_6_fused_tp_0,40,189081.4244,0.00021155,21171.1365,14,0.35,11.75,1.9709,-0.19587,3.5191,11,12,13,33.9597,18.9981,2.0018,7.8311,24.1373,29.8381,37.9512,33.6318,23.592,2.446,9.9846,20.0066,26.2996,36.1236,1027.6164,807.62,1.8983,6.8782,526.4351,753.5915,1284.529,882.1307,921.4751,2.0722,6.0429,329.0993,599.4484,888.3259
E6,60 nm Binimetinib,7,E6_tile_7_fused_tp_0,60,762135.3878,7.8726e-05,56942.9074,13,0.21667,12.5333,3.0613,0.34804,2.8721,10,12.5,14,51.4897,31.0461,1.3687,4.2023,30.2817,37.6671,64.9101,44.9699,37.1211,2.1732,7.8773,23.525,30.4516,50.6973,2490.6385,3647.5929,3.5859,18.1761,648.2123,1326.5817,2629.8169,2588.314,1981.7871,1.2634,4.7145,1001.4478,2272.3652,3546.398
E6,60 nm Binimetinib,8,E6_tile_8_fused_tp_0,29,153257.5272,0.00018922,15410.7875,18,0.62069,9.8621,1.9951,0.083269,3.7294,9,10,11,32.6583,11.6103,-0.45613,2.4933,25.0813,30.1826,43.2609,31.4981,12.5386,0.4917,2.8112,21.998,30.0724,39.4421,1548.0558,1540.0709,1.8947,7.4048,415.5471,1147.6033,2280.9752,481.5871,351.1784,1.2232,3.565,221.9923,339.6482,666.0258
E6,60 nm Binimetinib,9,E6_tile_9_fused_tp_0,55,186201.6145,0.00029538,16665.6977,31,0.56364,10.9455,2.2395,0.23848,2.5894,9,11,12,32.6391,8.6448,-0.86525,2.8299,26.8267,35.7865,39.6322,24.4243,6.7603,0.61467,3.2626,19.3272,23.5753,28.1515,854.1358,402.6635,0.41841,3.1955,614.6611,826.5549,1089.5941,287.3396,119.5786,0.88931,3.5416,202.5836,278.3103,347.8737
E7,60 nm Binimetinib,0,E7_tile_0_fused_tp_0,186,873516.8353,0.00021293,46902.1841,56,0.30108,13.1183,2.8374,1.003,4.8802,11,13,14,48.7834,12.9905,-0.32366,3.2247,40.6178,50.6165,58.5686,25.3611,10.43,2.9254,18.208,19.1101,23.7226,28.6334,890.4351,534.0174,1.8948,12.9934,542.6501,806.8554,1140.4569,434.2795,360.7902,2.5718,11.9695,194.4017,343.6997,539.487
E7,60 nm Binimetinib,1,E7_tile_1_fused_tp_0,144,1056613.3483,0.00013628,62747.3023,34,0.23611,13.125,2.9062,0.74186,3.7486,11,13,14.5,54.0093,27.416,2.0418,7.4982,38.4235,48.2775,61.3699,32.5126,26.5148,3.3557,15.9794,19.4096,25.0266,32.6627,1372.2251,1973.0572,6.0931,56.283,568.2188,850.763,1343.2043,980.4266,1273.4319,3.4383,17.1036,310.5763,552.3177,1062.9178
E7,60 nm Binimetinib,2,E7_tile_2_fused_tp_0,64,220998.2843,0.0002896,18937.6985,27,0.42188,11.3438,2.0642,0.87415,3.4212,10,11,12,33.3326,8.8188,-0.058692,3.6525,27.819,33.6387,40.0608,24.4188,8.6615,1.8453,8.8387,18.8939,23.1684,27.7751,803.6301,438.26,1.0075,6.5598,509.3366,798.8014,1057.0217,378.754,201.2857,1.1924,4.2514,248.4972,347.3149,441.9464
E7,60 nm Binimetinib,3,E7_tile_3_fused_tp_0,110,2666972.2973,4.1245e-05,118893.9906,21,0.19091,13.2727,2.9207,0.35475,3.2037,11,13,15,69.0765,37.0459,1.1682,4.4012,44.6586,60.7793,86.9174,48.9038,44.042,2.3719,9.4866,22.9678,32.1554,54.4574,4430.1865,11898.3079,7.2795,66.1635,819.6125,1512.9602,3241.6637,3128.7892,4749.7771,2.4158,8.376,376.5338,1656.1716,2863.2243
E7,60 nm Binimetinib,4,E7_tile_4_fused_tp_0,67,438795.1281,0.00015269,36991.7561,25,0.37313,12.2687,2.4345,0.10944,2.6514,11,12,14,39.8048,25.0239,2.9512,13.2004,26.8334,33.7667,44.0951,35.4383,33.8508,2.7551,10.1548,19.0423,24.2572,31.116,1362.7178,2135.8363,4.8894,34.015,510.2806,765.3114,1240.7724,804.1686,1025.6842,2.4482,9.1612,208.2662,328.449,944.17
E7,60 nm Binimetinib,5,E7_tile_5_fused_tp_0,154,2102493.1195,7.3246e-05,98655.7259,20,0.12987,13.5584,3.0292,0.14415,2.7498,12,13,16,58.1554,30.3413,1.3598,4.9765,38.4531,50.4954,68.7377,37.5753,32.6005,2.6614,11.6487,19.7186,25.9536,38.5345,2408.3541,6390.0485,10.9789,177.1211,528.5583,938.9007,1898.4163,2740.4368,3654.1654,2.5833,9.7415,497.0316,1492.5486,3267.7937
E7,60 nm Binimetinib,6,E7_tile_6_fused_tp_0,128,622900.5399,0.00020549,36473.752,53,0.41406,12.5156,2.6944,0.52469,3.1897,11,12,14,45.4378,11.9621,-0.77699,2.7122,38.414,48.5445,55.3242,25.8125,7.5216,0.77503,4.2022,20.1686,24.9317,30.436,999.8404,563.3565,0.94663,4.4201,598.1763,924.9942,1297.3539,357.5858,189.7737,0.88156,3.6735,220.1139,334.6769,454.4927
E7,60 nm Binimetinib,7,E7_tile_7_fused_tp_0,87,526604.938,0.00016521,36901.7057,24,0.27586,12.7356,2.5126,0.45655,2.9125,11,12,14,41.4323,18.3863,1.5998,7.5191,30.269,40.6864,47.2139,30.6295,19.3614,2.6836,11.6486,19.6931,25.0727,32.4765,1180.7286,1191.4571,4.2006,32.3231,565.3518,884.2618,1302.8048,838.6751,607.2757,1.1168,3.4621,411.4779,660.4865,1068.6522
E7,60 nm Binimetinib,8,E7_tile_8_fused_tp_0,82,279821.9594,0.00029304,21866.4117,35,0.42683,12.122,2.2684,0.4676,2.9279,10,12,14,35.3688,9.4018,-0.55585,2.8805,30.1868,36.5425,42.7499,23.9975,7.9295,1.5037,6.9358,18.5931,23.138,27.3687,730.6056,364.3043,0.67611,4.0634,477.6426,700.924,943.9161,331.3093,183.3517,1.0711,4.3761,202.5849,285.1848,421.3405
E7,60 nm Binimetinib,9,E7_tile_9_fused_tp_0,78,393521.7734,0.00019821,27249.5931,41,0.52564,11.6667,2.3613,1.2611,5.3303,10,11,13,41.7934,9.5746,-0.94123,3.9154,34.4373,44.2793,49.1119,27.6569,8.6752,0.87533,4.4997,21.4607,26.8256,32.5338,1160.8312,757.5243,1.5047,6.8314,663.413,1030.7814,1520.8789,349.3538,172.7245,1.0465,3.5194,220.9254,290.947,447.8941
E8,60 nm Binimetinib,0,E8_tile_0_fused_tp_0,143,1276553.9699,0.00011202,68741.3637,27,0.18881,12.993,3.0315,0.5059,3.1492,11,13,15,54.1382,21.0088,1.5053,6.1216,44.276,50.9281,58.4588,33.185,23.0162,3.0399,15.8979,20.744,26.4415,35.5792,1675.2677,2201.6867,5.0899,40.2549,599.2369,1070.6842,1926.4928,1374.8273,1455.1175,2.7843,13.5055,503.6199,875.1362,1933.1816
E8,60 nm Binimetinib,1,E8_tile_1_fused_tp_0,67,212154.3133,0.00031581,18184.0848,34,0.50746,11.5522,2.566,0.80394,4.1269,10,11,13.75,33.9334,8.9339,-0.60538,2.3961,27.6095,36.2311,40.6871,23.5056,7.17,0.56174,3.4935,18.2336,23.1041,27.7485,734.098,472.7058,1.4323,6.998,391.5854,688.3229,952.0566,284.1263,158.4284,0.65095,2.6845,162.9108,242.4666,385.2798
E8,60 nm Binimetinib,2,E8_tile_2_fused_tp_0,116,1232575.0454,9.4112e-05,80564.48,23,0.19828,13.0862,3.0089,0.77864,3.8155,11,13,15,63.9367,36.0625,1.4646,5.4047,41.1498,56.5286,78.192,41.6268,41.3905,2.8105,12.2953,19.8611,25.7693,42.6904,1978.4511,3626.1723,5.2338,38.411,577.1186,907.4012,1589.744,1918.2019,2145.3207,1.9118,6.4422,419.2343,1084.3766,2588.7244
E8,60 nm Binimetinib,3,E8_tile_3_fused_tp_0,59,182046.017,0.00032409,16485.8168,27,0.45763,11.7288,2.0071,0.41564,2.8488,10,12,13,30.8512,9.2384,-0.52669,2.4267,23.2013,33.3394,37.1142,23.8381,7.6277,0.87586,4.2454,17.9858,23.1639,27.9835,692.1902,373.281,0.63331,3.504,404.7333,664.2742,933.1358,329.7163,181.1901,1.0237,3.5273,209.4657,271.3096,377.5177
E8,60 nm Binimetinib,4,E8_tile_4_fused_tp_0,116,3787535.1735,3.0627e-05,154537.4409,21,0.18103,12.9655,3.903,1.3436,5.7653,11,12,14,89.7179,44.17,0.04175,2.0645,54.4826,92.481,122.6708,54.5015,43.7947,2.0274,8.101,25.2121,38.459,68.496,6128.6977,12754.0927,5.6994,45.8072,942.66,2027.8596,5505.3913,4066.7748,5463.4703,1.7711,5.0456,436.2125,1894.1803,4984.2298
E8,60 nm Binimetinib,5,E8_tile_5_fused_tp_0,137,1480584.3454,9.2531e-05,85353.1152,24,0.17518,13.6788,2.9728,0.31927,2.7928,12,13,16,55.0861,33.5815,2.3701,9.0596,37.4749,47.6939,59.1069,37.8135,35.3873,3.1513,14.2236,20.6717,26.7694,36.18,1900.6218,3315.2535,5.9882,55.0143,549.1001,991.7253,1710.8665,1939.8435,2108.8507,1.8087,6.2634,406.7427,1302.8206,2636.3719
E8,60 nm Binimetinib,6,E8_tile_6_fused_tp_0,60,274420.7856,0.00021864,23604.8784,22,0.36667,12,2.3289,0.1705,2.107,10,12,13.5,35.6548,13.6078,0.91315,6.1231,26.4327,36.0466,42.9291,29.5548,16.012,2.1763,9.2474,20.2241,25.7734,33.3818,976.5864,739.601,1.5558,6.7345,455.6095,810.7685,1348.5456,590.122,470.3351,0.74164,2.2396,215.444,374.4654,1045.6554
E8,60 nm Binimetinib,7,E8_tile_7_fused_tp_0,19,80621.9844,0.00023567,10211.4574,14,0.73684,8.6316,1.8016,0.62983,2.2722,7,8,9.75,29.3123,7.8656,-0.28426,2.5942,23.1757,28.8454,35.3105,31.104,9.9448,0.4475,2.941,23.4213,30.5398,37.1007,1550.4228,1057.1359,0.62643,2.2963,613.8771,1351.592,2313.6729,425.4774,211.4037,0.58473,2.3055,290.0499,350.6226,556.0173
E8,60 nm Binimetinib,8,E8_tile_8_fused_tp_0,105,493143.6012,0.00021292,34475.1397,38,0.3619,12.6667,2.4987,0.77301,3.1635,11,12,14,43.0001,14.1844,0.67255,3.8755,34.3385,41.5148,50.4145,28.013,14.0905,2.2129,9.269,19.6036,24.7709,30.3668,939.3211,656.0082,1.7681,7.8576,524.8841,810.6991,1185.3447,478.8214,426.5857,2.7478,13.4016,238.8952,352.1434,560.7722
E8,60 nm Binimetinib,9,E8_tile_9_fused_tp_0,86,1373934.3712,6.2594e-05,77071.9637,13,0.15116,12.8605,3.0415,0.41359,4.1639,11,13,15,51.0883,31.03,0.91944,2.7432,30.1488,38.6532,71.1239,40.8733,34.1039,1.9999,7.1896,19.4938,25.8911,49.9286,3006.4209,5696.2595,3.991,21.7229,543.8643,997.4712,2462.5847,3503.2711,2597.6978,0.23626,1.703,1288.9386,3231.0721,5993.004
F5,200 nm Binimetinib,0,F5_tile_0_fused_tp_0,176,2602551.3693,6.7626e-05,106797.9774,25,0.14205,13.9318,2.8276,0.46799,2.9876,12,14,16,61.1399,29.0637,1.495,5.7449,42.2858,55.3057,70.0748,38.1706,30.9666,2.7176,11.3604,21.6112,27.8723,39.3557,2531.6648,4813.5138,6.6252,66.9962,685.3533,1152.6363,2215.4318,2321.6952,2155.7604,1.5674,5.3137,705.1185,1829.887,3050.4209
F5,200 nm Binimetinib,1,F5_tile_1_fused_tp_0,65,586412.9021,0.00011084,48012.0752,27,0.41538,11.8769,2.4142,0.12517,2.5895,10,12,13,65.724,32.6397,1.0064,3.4436,41.8515,60.1701,79.7156,42.5193,32.6482,2.5456,10.67,23.1742,32.507,47.3071,1974.4542,2113.0831,3.3142,19.2854,741.2519,1329.6827,2297.7209,960.2415,1161.1349,2.214,8.1841,246.3894,586.3885,1104.5632
F5,200 nm Binimetinib,2,F5_tile_2_fused_tp_0,68,1118263.1123,6.0809e-05,73734.887,21,0.30882,12.5294,2.8467,0.025807,2.9046,11,12.5,15,75.6368,43.6921,0.81565,3.0478,45.6205,61.4555,106.7058,49.9494,46.0163,2.2643,8.3814,21.6782,32.8984,55.0672,3289.0092,7145.0365,6.3351,52.5037,627.8352,1191.3757,2954.1149,1940.3918,2256.7991,1.5841,4.3087,545.8378,959.8018,2423.157
F5,200 nm Binimetinib,3,F5_tile_3_fused_tp_0,67,316792.6256,0.00021149,29753.4586,24,0.35821,12.0299,2.5344,0.25885,2.8022,10,12,13,38.1214,24.4564,2.4542,11.0698,24.6138,33.4607,44.7206,29.953,23.9212,3.5676,17.6435,18.8141,23.7768,30.4115,1005.6909,1194.6495,3.833,20.7592,409.6371,728.7585,1084.2822,676.215,834.0515,2.38,8.4623,216.2346,383.4681,593.4921
F5,200 nm Binimetinib,4,F5_tile_4_fused_tp_0,78,420465.9227,0.00018551,31425.3664,31,0.39744,12.2051,2.3651,0.055594,2.6753,10,12,14,43.7252,16.7926,0.40633,2.8904,31.2784,41.6378,51.4059,29.7034,13.5373,1.8598,7.8987,21.5293,27.071,33.7175,1136.3944,764.7158,1.7622,9.0573,582.6925,1012.3547,1483.8048,541.8167,349.0842,1.0403,3.5332,265.1585,441.4014,764.4824
F5,200 nm Binimetinib,5,F5_tile_5_fused_tp_0,61,251878.2632,0.00024218,20825.3199,34,0.55738,11.4426,2.2915,0.57734,3.099,10,11,13,36.1016,9.9088,-0.54216,2.9483,29.6693,36.0372,44.8298,26.5761,8.5971,1.0187,5.4398,20.0258,26.0781,31.2098,980.0711,547.603,1.0388,5.1318,616.9981,871.275,1284.529,325.3956,171.8862,0.85728,3.0717,207.5801,286.9182,408.8626
F5,200 nm Binimetinib,6,F5_tile_6_fused_tp_0,103,2669740.9582,3.8581e-05,113029.6476,19,0.18447,13.3786,3.2903,0.77916,3.4195,11,13,15.75,76.2322,35.6402,0.41023,2.4225,50.7196,73.3711,102.486,53.2256,44.4187,1.486,4.5027,22.0464,34.44,71.9503,4683.7561,8640.8801,4.0728,23.5747,687.0588,1460.2941,4712.1687,3324.4014,3189.6168,1.4784,4.8898,1315.3231,2220.9265,4671.2395
F5,200 nm Binimetinib,7,F5_tile_7_fused_tp_0,102,1059367.9174,9.6284e-05,67903.7745,23,0.22549,13.1569,2.9643,0.45609,4.0013,11,13,15,54.8542,35.9729,1.5013,4.4833,33.9151,43.2898,57.2082,39.4848,39.4139,3.1164,14.5288,20.4184,25.4123,35.6417,1929.6319,4477.5039,8.28,89.6708,583.5899,913.9945,1642.8798,1616.7565,2816.8315,4.2491,23.1277,269.5482,1043.769,1674.1006
F5,200 nm Binimetinib,8,F5_tile_8_fused_tp_0,103,628901.1458,0.00016378,38542.2467,41,0.39806,12.4854,2.4126,0.62825,4.0432,11,12,14,46.5318,12.9804,-0.099366,3.4324,38.7307,47.8177,56.2036,29.0687,11.183,2.1268,11.2489,22.1741,27.3111,32.8482,1252.7911,709.086,0.78457,3.774,752.9625,1154.472,1642.2949,494.1314,354.5096,1.9296,7.6782,259.0951,410.0031,572.035
F5,200 nm Binimetinib,9,F5_tile_9_fused_tp_0,40,139850.9314,0.00028602,14797.0948,19,0.475,11.05,1.9474,0.56193,2.9291,10,11,12,29.7128,11.7833,1.2857,7.1111,22.2335,30.3746,34.8017,27.1038,13.0385,2.3476,9.4734,19.4495,24.1684,29.8119,847.5814,528.6951,1.2445,5.2525,506.2252,776.4018,1085.9536,435.2087,290.8298,1.0567,2.8717,200.8924,320.6385,578.1569
F6,200 nm Binimetinib,0,F6_tile_0_fused_tp_0,42,181904.6453,0.00023089,16853.4172,24,0.57143,11.1905,2.1097,1.0712,4.3312,10,10.5,13,33.6843,9.3403,-0.55362,2.2026,28.3898,36.2809,40.8818,28.1087,9.0891,0.85677,4.3621,21.9842,27.277,32.8316,1057.5851,650.7199,0.8234,3.4196,558.8401,1015.9998,1413.5405,383.0322,218.5921,0.95638,3.4063,231.1464,329.7202,503.8011
F6,200 nm Binimetinib,1,F6_tile_1_fused_tp_0,110,659486.515,0.0001668,43976.0794,32,0.29091,13.0727,2.6291,0.5962,3.5354,11,13,15,42.5779,17.9854,2.0446,11.1217,33.3678,41.394,48.2565,29.9731,20.7281,3.1663,15.6784,19.2279,24.4017,32.6331,1137.0457,1763.0503,6.6806,58.1194,456.5001,778.0758,1194.7221,732.9347,879.3175,3.1417,14.6058,231.781,436.7489,873.4313
F6,200 nm Binimetinib,2,F6_tile_2_fused_tp_0,80,304272.6278,0.00026292,25309.453,30,0.375,12.225,2.5753,0.062215,2.0998,10,12,14,36.3678,14.2339,1.9919,10.8383,28.2893,35.7655,41.6216,26.6848,16.4277,3.0577,13.7573,18.3682,22.6124,28.1435,796.5252,654.2291,3.3488,21.2226,429.4352,669.7632,982.9302,451.9545,465.93,2.2156,7.5615,211.0677,295.4739,447.8273
F6,200 nm Binimetinib,3,F6_tile_3_fused_tp_0,174,707728.5633,0.00024586,41093.9225,54,0.31034,13.1264,2.6786,0.93959,4.8553,11,13,15,46.0993,13.2314,0.15699,4.1689,37.9304,47.5313,54.5577,24.8346,11.6173,2.882,15.0203,18.5413,22.4691,27.5946,771.7869,514.4478,2.2248,12.3679,438.482,689.4837,994.3228,395.1339,328.3964,2.2552,8.5149,192.0161,286.9418,463.1493
F6,200 nm Binimetinib,4,F6_tile_4_fused_tp_0,82,292738.9064,0.00028011,24711.4444,32,0.39024,12.1707,2.6472,0.43316,2.9455,10,12.5,14,37.333,13.216,0.82469,4.2685,28.5425,35.367,42.0458,25.6803,13.0044,2.3262,10.0681,18.0896,22.6961,28.0272,754.4817,531.5479,1.6718,7.5227,378.3148,673.2924,989.4324,411.8574,341.9251,1.8307,6.2474,184.7249,299.3814,581.8926
F6,200 nm Binimetinib,5,F6_tile_5_fused_tp_0,75,899275.7734,8.34e-05,56286.0698,19,0.25333,12.8533,2.9302,0.38219,2.7148,11,12,14,48.2884,27.5563,1.4926,5.5867,30.1706,40.9192,60.5466,41.5398,36.584,2.1619,7.4547,20.3517,27.0764,44.1927,2299.938,4500.5942,6.6373,65.8724,598.4945,963.3102,1869.0025,1655.4726,2260.0614,3.1882,14.8323,445.164,930.4505,2127.6332
F6,200 nm Binimetinib,6,F6_tile_6_fused_tp_0,88,626537.9528,0.00014045,48549.1404,24,0.27273,12.9545,2.3089,0.70927,3.6503,11,13,14,49.8378,34.9663,2.3367,8.2601,31.4674,40.2424,49.5951,39.7685,40.5749,2.5747,9.0145,19.0974,24.8904,36.4733,1359.0845,1777.2749,4.02,24.8363,511.521,816.488,1306.9198,1103.3896,1181.8074,1.8106,6.2082,276.6643,563.2575,1469.6984
F6,200 nm Binimetinib,7,F6_tile_7_fused_tp_0,114,446221.6804,0.00025548,29429.9883,51,0.44737,12.3684,2.5669,0.73128,3.0966,10,12,14,42.2949,9.4414,-0.81625,2.9968,35.895,44.6029,50.0739,24.4541,7.7339,0.72198,3.4654,18.789,23.5034,29.4156,821.7711,530.8878,1.2287,4.8261,477.8515,703.4708,1076.8285,300.306,170.1552,1.4258,5.2833,186.4404,272.517,372.0574
F6,200 nm Binimetinib,8,F6_tile_8_fused_tp_0,30,93036.8985,0.00032245,10788.1786,22,0.73333,9.2667,2.3771,0.5231,2.952,8,9,11,28.8454,6.4718,-1.0329,3.3913,26.2692,30.8922,32.6046,25.9172,7.6242,0.49424,3.3213,20.4485,26.0311,30.2412,1033.7433,644.1688,0.83707,3.4727,589.467,883.8475,1361.8543,269.7045,132.7208,2.4079,11.2892,197.6489,235.6306,295.7169
F6,200 nm Binimetinib,9,F6_tile_9_fused_tp_0,32,92932.1763,0.00034434,13200.0194,15,0.46875,10.5625,1.6837,0.38467,2.9585,9,11,11.5,29.9653,16.9332,1.6326,5.8603,20.0774,26.3557,33.6032,30.4114,19.6344,2.051,6.8021,18.325,23.3749,31.503,743.4574,430.703,2.479,14.6167,523.7608,691.858,900.0177,507.6931,387.2358,1.7099,5.5741,268.7734,356.2448,688.538
F7,200 nm Binimetinib,0,F7_tile_0_fused_tp_0,122,646181.5101,0.0001888,41143.1782,45,0.36885,12.5082,2.7431,0.49767,3.155,11,12,14,46.8738,17.1891,1.2027,5.3188,35.9292,45.3803,52.8854,27.6749,15.4145,3.0786,14.8732,19.5758,23.974,29.7848,1078.7671,1080.8935,4.8274,39.569,559.3825,854.3183,1275.1902,478.409,382.8948,1.7698,5.5052,216.4185,335.4885,505.9001
F7,200 nm Binimetinib,1,F7_tile_1_fused_tp_0,90,548149.9272,0.00016419,42218.3875,18,0.2,13.0444,2.517,0.48102,2.743,11,13,14,40.5897,22.5015,2.4601,9.9054,31.2481,37.0289,42.8232,33.9718,29.2869,2.4243,8.414,18.5048,23.9545,31.882,1137.2405,1283.9767,3.2269,17.6572,445.4238,693.5926,1221.957,1319.3246,1082.5657,0.90613,2.7008,420.5342,915.5087,2040.0024
F7,200 nm Binimetinib,2,F7_tile_2_fused_tp_0,115,713622.2044,0.00016115,48259.5837,25,0.21739,13.2,2.3627,0.33681,3.3019,12,13,14,44.0199,23.6148,2.3222,9.6868,31.368,40.4684,47.5267,30.915,26.2026,3.2871,16.2435,18.171,22.874,29.0706,1147.3026,2123.2815,9.5912,137.0978,457.4365,659.6621,1012.0986,1049.1214,1401.8981,3.2246,14.0457,260.9589,624.616,1273.2555
F7,200 nm Binimetinib,3,F7_tile_3_fused_tp_0,112,433502.8179,0.00025836,29516.9248,39,0.34821,12.4643,2.6438,0.013777,2.2958,10,12.5,14,41.0582,11.3536,-0.33101,2.7125,32.3838,42.354,48.3245,24.3099,8.3037,1.5782,8.0016,18.9449,23.2924,27.7565,788.1869,454.5031,1.1584,5.7249,443.1404,735.9623,1037.0187,398.8774,228.7486,1.184,4.2801,217.0048,339.177,505.3581
F7,200 nm Binimetinib,4,F7_tile_4_fused_tp_0,143,2179001.1264,6.5626e-05,99307.8705,18,0.12587,13.6923,3.1516,0.97572,4.9366,12,13,15.75,56.5353,30.0577,1.3001,4.2001,37.0717,47.0932,67.8415,38.5158,31.4532,2.4462,10.1749,20.3399,26.4794,43.266,2654.0818,7709.4768,10.3932,132.1518,605.1989,1032.3553,1945.4291,3103.371,2965.9265,1.3458,4.3849,931.8325,2168.8657,4345.2885
F7,200 nm Binimetinib,5,F7_tile_5_fused_tp_0,48,154873.6724,0.00030993,14847.2935,27,0.5625,11.0417,2.0521,1.1228,4.4858,10,11,12,30.1649,8.3687,-0.37739,3.5798,25.4559,33.3906,35.9342,24.2314,7.6781,1.1731,5.2745,18.6793,23.2325,27.9867,802.4543,491.2158,2.2511,12.8977,513.5316,751.027,1018.9812,296.9459,139.5088,0.60294,2.8307,201.0814,285.2737,355.7542
F7,200 nm Binimetinib,6,F7_tile_6_fused_tp_0,187,4338211.784,4.3105e-05,159043.0012,27,0.14439,14.0428,3.3406,0.63765,3.469,12,14,16,74.1866,37.1321,1.5977,7.5927,48.5167,66.9273,91.2879,44.9661,39.9183,2.6218,11.4513,21.4945,30.7857,49.9829,3936.6713,10387.6381,8.003,82.6852,657.3364,1375.407,3343.2758,3180.86,4245.983,2.6884,10.541,507.968,1838.7739,3840.1093
F7,200 nm Binimetinib,7,F7_tile_7_fused_tp_0,54,256357.1297,0.00021064,23170.8624,26,0.48148,11.4074,2.3353,0.71942,2.9428,10,11,13,38.1255,16.868,0.7949,3.418,26.075,35.8738,44.5334,30.312,16.8595,2.116,8.142,20.31,24.8699,33.3411,1109.7711,767.3119,1.2312,4.623,581.2686,935.1551,1482.6632,482.7263,360.7707,1.702,6.0448,198.1005,443.6363,603.4128
F7,200 nm Binimetinib,8,F7_tile_8_fused_tp_0,42,105212.5041,0.00039919,11477.7736,29,0.69048,10.2857,2.7875,1.5341,5.4112,8,10,11,28.2401,7.2927,-1.0981,3.1653,26.1028,30.6578,32.7502,22.8101,6.0432,0.4729,3.2974,18.3194,22.1647,26.4583,710.8953,381.8853,0.59671,2.9514,446.6928,641.0834,934.2579,212.5514,112.5687,1.0161,3.0457,129.7728,165.665,255.9937
F7,200 nm Binimetinib,9,F7_tile_9_fused_tp_0,31,107793.089,0.00028759,12309.7749,20,0.64516,9.3548,2.1221,0.82192,2.8254,8,9,10,30.0363,9.1052,0.80683,6.4158,26.0532,30.5644,34.5991,27.0442,11.1077,1.5613,5.8926,19.5177,24.9577,30.894,1111.269,697.4742,0.79379,3.5889,559.1309,1002.9164,1535.8663,341.9382,229.3363,2.0195,7.1605,194.969,257.588,408.7017
F8,200 nm Binimetinib,0,F8_tile_0_fused_tp_0,143,662250.3878,0.00021593,38668.8152,46,0.32168,12.8112,2.397,0.12526,3.1068,11,13,14,45.5037,12.5874,-0.37831,2.3508,37.1281,46.9475,54.9984,25.3546,8.6551,1.4004,6.4962,19.9269,24.022,28.9506,907.1923,524.9953,1.2386,5.4341,548.9013,822.4483,1139.814,439.4184,263.251,1.3163,5.6369,249.8595,387.2652,579.2886
F8,200 nm Binimetinib,1,F8_tile_1_fused_tp_0,31,305160.2216,0.00010159,30045.5914,15,0.48387,10.6452,2.2143,-0.1218,2.1261,9,11,12,49.3943,19.8873,0.72147,3.7218,36.2975,44.9797,59.3378,45.1377,26.3853,1.0436,3.4721,24.5222,38.101,61.1555,2501.3133,2624.2092,2.6585,11.1915,935.6976,1748.0064,3130.5507,1155.5997,1125.1382,1.6126,4.8449,421.0697,769.1786,1528.0667
F8,200 nm Binimetinib,2,F8_tile_2_fused_tp_0,115,494957.3338,0.00023234,33303.7726,41,0.35652,12.6435,2.3063,0.42284,2.7961,11,12,14,40.4867,12.7626,0.62912,5.6157,32.0204,40.6812,47.6237,25.3383,11.7352,2.6145,11.9097,18.656,23.1829,27.7735,862.295,644.0685,2.4319,11.0954,478.1146,715.6747,1026.9218,426.9714,364.708,3.5295,21.0314,228.7042,324.4849,462.9696
F8,200 nm Binimetinib,3,F8_tile_3_fused_tp_0,144,1579222.1604,9.1184e-05,84082.0261,26,0.18056,13.4167,2.6799,0.077236,2.8896,12,13,15,57.8954,32.3785,1.3412,4.525,37.1332,48.0332,71.183,36.3325,30.9658,2.9686,14.414,20.2047,25.7671,36.8907,1976.4983,3683.4409,6.3098,58.0306,589.4964,958.38,1770.9973,1751.7089,1726.3253,1.4709,4.1779,545.8786,1155.4947,2444.4415
F8,200 nm Binimetinib,4,F8_tile_4_fused_tp_0,90,343612.0061,0.00026192,26514.9294,45,0.5,12.0222,2.7148,0.71166,4.0566,10,12,14,38.627,13.1236,2.4073,14.8535,32.1239,39.7616,43.5649,27.5979,18.9668,3.2087,13.6041,18.6342,22.4935,27.8449,840.1272,609.1291,2.4892,13.4287,483.4088,737.7824,1041.776,308.3131,302.1835,2.2934,8.3387,133.8655,188.6738,288.4854
F8,200 nm Binimetinib,5,F8_tile_5_fused_tp_0,47,212847.2154,0.00022082,20231.2211,17,0.3617,11.6596,2.3338,0.45936,3.2965,10,12,13,34.0557,12.5043,1.1672,4.1983,25.9284,31.2875,38.2168,30.1204,16.092,1.625,5.9287,20.0485,25.3664,34.9852,999.2827,919.2976,3.1479,20.0447,473.2068,703.3009,1230.0517,674.374,555.8901,0.87628,2.5026,210.9156,468.5845,948.9962
F8,200 nm Binimetinib,6,F8_tile_6_fused_tp_0,71,246432.6939,0.00028811,19876.3116,42,0.59155,11.5211,2.6825,1.2488,4.7202,10,11,13,36.8623,7.2767,-0.8461,3.0029,33.0182,38.0486,42.2614,24.5611,7.5035,0.44757,2.8242,19.1376,24.2472,28.7362,824.1896,620.042,1.557,6.4086,417.6452,708.9987,1084.5987,248.4539,141.8274,0.86307,3.4196,140.2072,225.7654,329.1572
F8,200 nm Binimetinib,7,F8_tile_7_fused_tp_0,70,553014.1554,0.00012658,37328.8531,24,0.34286,12.5714,2.387,0.5742,3.353,11,12,14,45.2867,16.3537,0.87585,4.8106,34.4741,45.0335,52.7065,35.8095,20.845,2.3465,9.8549,23.7224,30.825,40.4093,1584.5678,1257.3731,2.5144,17.166,727.2962,1263.797,2202.7616,848.383,555.6294,1.104,4.0421,459.6344,726.5085,1137.4446
F8,200 nm Binimetinib,8,F8_tile_8_fused_tp_0,91,386407.9646,0.0002355,26657.3591,42,0.46154,12.022,2.6457,0.77978,3.6732,10,12,13,39.1535,10.811,-0.78046,3.0819,31.0497,41.1984,47.8317,25.2168,7.83,0.75926,4.1492,19.7166,24.4689,29.8091,926.6378,555.8309,1.1474,5.1288,512.5998,821.6746,1226.1487,333.217,182.573,1.5056,5.7452,216.0135,292.8212,404.4923
F8,200 nm Binimetinib,9,F8_tile_9_fused_tp_0,78,246169.3268,0.00031686,20286.0916,36,0.46154,12.0256,2.6036,0.84273,3.7298,10,12,13,33.4028,9.7865,0.10281,5.4984,26.5849,36.4213,39.5668,23.7395,10.2033,2.7001,12.9984,18.2219,22.649,26.4938,687.6238,444.9864,2.2461,14.748,389.7259,630.9423,887.8826,298.3249,172.6867,1.2008,3.9983,178.1078,257.6007,357.4716
G5,3.5 um Binimetinib -ve control,0,G5_tile_0_fused_tp_0,101,411568.5656,0.0002454,28032.8856,45,0.44554,12.4158,2.5972,0.70058,2.9989,11,12,14,39.2825,10.561,-0.38653,2.9476,31.6833,42.624,47.5706,24.8045,8.3407,1.6796,8.5315,19.3513,24.1217,28.3677,850.3483,519.9092,1.7421,8.5754,484.0378,766.0989,1091.4239,325.9638,190.0571,1.2526,4.9666,191.6668,292.1377,384.2514
G5,3.5 um Binimetinib -ve control,1,G5_tile_1_fused_tp_0,157,3544220.3993,4.4297e-05,137826.8789,26,0.16561,13.2994,3.4427,0.57625,3.2342,11,13,16,71.7631,39.8979,0.63948,2.634,37.7232,62.3681,99.2379,42.3289,34.387,2.1055,7.6301,21.024,29.2091,48.397,4102.1069,11100.8007,10.2888,156.4173,669.7202,1264.5278,3076.9947,2871.3933,3314.8954,1.5738,4.9852,525.5083,1207.0736,4660.7488
G5,3.5 um Binimetinib -ve control,2,G5_tile_2_fused_tp_0,112,890404.9518,0.00012579,56524.8556,16,0.14286,13.4107,2.8618,0.72434,4.7884,11,14,15,43.6722,20.6193,1.1189,4.1031,29.9521,40.1147,48.7111,31.7589,22.2044,2.4286,9.9844,18.6766,24.1191,34.9912,1422.3721,2254.5029,4.9515,34.3764,522.9966,765.4077,1338.3055,2018.7448,1629.3605,1.2088,3.8167,648.6946,1623.2184,2854.9573
G5,3.5 um Binimetinib -ve control,3,G5_tile_3_fused_tp_0,63,473965.6032,0.00013292,42982.9004,23,0.36508,12.0952,2.2195,0.084283,2.1663,10.25,12,14,49.1831,33.955,1.2719,3.7173,28.8954,35.465,70.3556,40.7616,37.4265,2.775,12.2094,20.868,26.3049,42.0294,1590.4886,2364.0141,5.7026,44.4881,615.1202,992.63,1653.5647,1023.4024,1320.0365,2.7498,10.6471,264.0804,578.1303,1237.6477
G5,3.5 um Binimetinib -ve control,4,G5_tile_4_fused_tp_0,76,236576.7203,0.00032125,19378.6444,38,0.5,12.0263,2.2149,0.65582,3.3876,11,12,13,34.3987,8.7769,-0.78121,3.0561,28.2304,36.0084,41.7722,23.5365,7.472,0.88418,4.7448,18.1993,22.9894,27.4234,683.7477,426.5704,1.3494,5.9317,388.8279,618.5191,899.3361,269.1478,126.5456,0.46968,2.361,172.6263,251.9486,365.8237
G5,3.5 um Binimetinib -ve control,5,G5_tile_5_fused_tp_0,173,7549865.7518,2.2914e-05,209485.3298,27,0.15607,14.1272,3.5595,0.62297,3.9938,11.75,14,16,89.7066,43.4957,0.12662,2.1024,54.0129,86.8282,127.1591,55.292,38.1024,1.4233,5.1259,26.3908,44.1322,72.6456,7365.7227,13304.7365,5.4645,51.3924,1122.955,2731.755,7625.9182,4189.7066,3844.081,0.87002,2.5765,1050.489,2915.9399,6411.2909
G5,3.5 um Binimetinib -ve control,6,G5_tile_6_fused_tp_0,125,663774.753,0.00018832,44109.5737,25,0.2,13.504,2.8159,0.42004,3.4839,12,13,15,43.8416,20.0354,1.7073,7.6613,33.1235,41.7949,49.6614,29.2683,22.3825,3.2856,15.0117,18.5838,23.2075,29.2497,952.3311,1144.7819,4.8989,38.8137,415.4744,657.2841,1040.8315,958.9038,1220.1252,2.6998,10.0365,273.2203,627.8722,1061.6698
G5,3.5 um Binimetinib -ve control,7,G5_tile_7_fused_tp_0,64,256056.9323,0.00024994,22346.3567,34,0.53125,11.625,2.2361,0.12557,2.2346,10,11.5,13,37.6821,14.9361,0.8381,4.4053,27.9013,36.7151,43.1356,27.366,12.1931,2.3189,10.879,20.1098,25.1374,31.1695,924.3933,538.1051,1.2318,5.3851,546.033,839.7846,1197.5589,349.1618,213.601,1.7451,7.1121,212.7765,308.3362,420.5931
G5,3.5 um Binimetinib -ve control,8,G5_tile_8_fused_tp_0,74,604564.1759,0.0001224,43619.0589,30,0.40541,11.9459,2.6008,0.61471,3.5348,10,12,14,51.6082,29.6661,1.3346,4.8731,28.8063,44.2225,64.0619,35.9925,26.8638,2.7876,12.0836,21.3065,28.3672,36.8742,1772.9155,2540.8618,6.383,63.6116,602.7893,1150.9394,1971.5736,778.9118,724.6287,1.8717,5.9466,300.4673,539.7816,938.1763
G5,3.5 um Binimetinib -ve control,9,G5_tile_9_fused_tp_0,41,98196.3657,0.00041753,11251.3256,24,0.58537,10.4878,2.4711,1.2276,4.4859,9,10,12,26.9888,7.6641,0.0096298,4.3735,23.3388,27.947,31.5873,22.7223,7.2293,1.1747,5.5846,17.8021,21.5425,26.0879,641.8063,341.3095,0.75351,3.9855,394.875,621.9875,816.9327,255.7119,173.9432,1.3353,4.465,121.8708,214.6422,327.559
G6,3.5 um Binimetinib -ve control,0,G6_tile_0_fused_tp_0,208,1983106.9128,0.00010489,92568.9133,22,0.10577,13.9231,2.7441,0.35616,3.0144,12,14,16,55.5079,22.6383,1.9578,8.9109,42.7932,52.8707,62.7189,33.4324,27.6062,3.1195,14.2178,19.9216,24.8203,33.065,1624.1662,2670.4151,5.9606,50.6913,578.2237,918.9453,1525.1825,2314.2228,3082.8683,3.0722,12.8595,624.063,1497.3057,2741.7222
G6,3.5 um Binimetinib -ve control,1,G6_tile_1_fused_tp_0,108,565501.7941,0.00019098,35708.8376,38,0.35185,12.6111,2.579,0.44154,3.4064,11,12,14,44.5001,12.143,-0.28375,3.2306,38.159,44.8388,52.9904,27.7608,11.3351,1.4499,6.6522,20.637,25.6532,32.4918,1051.1186,696.582,1.0561,4.2609,528.3562,910.4044,1425.6377,495.9561,307.1854,0.54906,2.4391,247.4996,435.3714,713.5465
G6,3.5 um Binimetinib -ve control,2,G6_tile_2_fused_tp_0,123,2359305.5972,5.2134e-05,111823.7403,23,0.18699,13.4959,3.4956,0.81738,4.4091,11,13,16,73.0068,38.5363,0.88445,3.7958,43.8253,65.2764,96.2788,45.8666,39.0993,2.173,8.8917,20.9789,30.4641,58.6307,3434.2148,8251.1467,8.0667,96.3956,503.6113,1039.65,3167.6003,2662.47,3426.4467,1.7693,5.3821,518.5021,959.7987,3982.6275
G6,3.5 um Binimetinib -ve control,3,G6_tile_3_fused_tp_0,166,3021770.809,5.4935e-05,122500.0232,34,0.20482,13.4578,3.5549,0.59077,3.8347,11,13,16,79.5397,31.2417,0.81438,3.88,58.3196,75.8441,99.249,41.8406,34.8707,2.3734,9.594,20.9387,29.0508,48.4279,3284.5335,6250.5844,5.3176,42.6838,617.7617,1230.2727,2910.9515,1914.0629,2937.3419,2.3477,8.1819,237.6308,654.2069,2143.3887
G6,3.5 um Binimetinib -ve control,4,G6_tile_4_fused_tp_0,173,1181769.2011,0.00014639,62773.7416,36,0.20809,13.6994,2.8656,0.57596,3.86,12,13,16,55.6663,21.7117,0.5255,3.6125,39.9464,54.7559,68.8186,30.422,21.9021,3.0476,14.2403,19.1672,24.2446,31.4559,1207.1187,1776.686,5.5364,43.3174,451.6525,768.9421,1248.7544,923.1433,1125.3247,2.7736,11.0943,289.4915,546.0004,1183.3815
G6,3.5 um Binimetinib -ve control,5,G6_tile_5_fused_tp_0,109,279812.1507,0.00038955,21344.7337,53,0.48624,12.2569,2.6366,0.48391,3.025,10.75,12,14,35.3865,8.8865,-0.84274,2.6598,29.5355,38.0194,43.011,21.2354,6.137,0.41932,2.983,16.6308,21.139,25.2043,549.7292,327.9034,0.86127,4.2936,306.4917,502.949,758.8601,209.2621,94.6864,0.60968,2.6539,137.1318,184.1054,282.5915
G6,3.5 um Binimetinib -ve control,6,G6_tile_6_fused_tp_0,127,1791491.9879,7.0891e-05,85463.1086,18,0.14173,13.4331,2.9021,0.15191,2.6164,11.25,13,15,55.4266,24.6946,1.5208,5.7279,40.8356,50.0934,61.4319,37.4382,26.8446,2.72,12.1799,22.7945,29.8612,40.3187,2519.6793,4289.6253,5.9859,53.2672,741.9528,1238.9082,2438.8459,2670.7221,2544.3017,2.3131,9.3725,1036.3042,1886.2762,3577.2076
G6,3.5 um Binimetinib -ve control,7,G6_tile_7_fused_tp_0,73,317430.1305,0.00022997,23791.1969,30,0.41096,11.9452,2.7177,1.3039,5.1599,10,11,13.25,37.8307,9.5196,-0.54162,2.6647,31.8483,38.2861,45.0936,26.5245,8.7472,0.78776,3.5957,20.3694,25.6343,31.4479,944.7325,594.2127,1.2387,5.1151,517.4314,828.7582,1250.9201,424.8428,217.4897,0.77278,3.0022,262.2653,383.0304,552.9574
G6,3.5 um Binimetinib -ve control,8,G6_tile_8_fused_tp_0,48,131774.8964,0.00036426,13209.1922,32,0.66667,10.6667,2.747,1.2244,4.091,9,10,11,30.3997,7.0109,-1.2555,4.1237,27.1599,32.8131,35.1879,23.2773,6.1729,0.47694,3.138,18.9471,22.6163,27.4199,736.1726,437.6205,0.77376,3.4802,434.8141,664.4028,971.3471,220.1532,105.8505,1.1247,4.1556,145.8846,201.3458,257.1066
G6,3.5 um Binimetinib -ve control,9,G6_tile_9_fused_tp_0,38,93759.9188,0.00040529,10917.8036,21,0.55263,10.8421,2.1248,0.68886,2.5264,9,10,13,26.975,7.6495,-0.30677,2.5899,22.6814,28.2661,32.4267,23.5375,7.6634,0.87256,3.8953,18.3699,21.7684,27.8731,625.0661,378.6448,1.207,5.1583,346.4828,576.2182,825.6848,287.3106,151.5088,1.1056,4.0277,171.5373,252.8406,367.0213
G7,3.5 um Binimetinib -ve control,0,G7_tile_0_fused_tp_0,178,2648889.6738,6.7198e-05,125528.4978,23,0.12921,13.764,3.6593,1.2953,5.6899,11,13,16,80.857,46.6027,0.88986,2.8839,49.2869,67.1066,109.2895,41.7474,40.6094,3.3227,16.7093,21.1504,27.9442,43.6185,2579.2499,7332.8733,13.7286,246.5436,634.8099,1116.4179,2035.957,2988.7738,3403.153,1.6449,5.385,610.0592,1578.0705,3856.6501
G7,3.5 um Binimetinib -ve control,1,G7_tile_1_fused_tp_0,81,314624.0513,0.00025745,25453.5982,32,0.39506,12.2469,2.1067,0.22838,3.1933,11,12,14,36.9744,13.9646,1.191,5.2688,26.9036,36.0972,43.3648,26.4094,14.7766,2.604,11.4167,17.9292,22.7014,28.461,815.0882,662.7858,2.2798,9.8896,390.8584,668.56,980.0266,424.2266,381.5299,1.9639,7.2828,186.1334,306.1678,512.1467
G7,3.5 um Binimetinib -ve control,2,G7_tile_2_fused_tp_0,26,116463.8258,0.00022325,12850.7124,17,0.65385,9.8462,1.9533,1.2377,4.5083,8,10,11,31.5487,7.8316,-0.69454,2.9314,27.79,31.3864,37.2626,30.8802,10.9668,0.5564,2.9591,23.3783,29.9145,36.6357,1323.4526,812.7889,1.1453,5.0126,743.5826,1173.1401,1825.6217,428.3571,276.6687,0.94185,3.0045,203.1287,362.6399,564.0131
G7,3.5 um Binimetinib -ve control,3,G7_tile_3_fused_tp_0,69,232911.8229,0.00029625,20074.685,31,0.44928,11.7971,2.3799,0.79674,3.8034,10,11,13,33.4218,9.8423,0.31833,4.1308,26.6253,35.4658,39.6718,24.2348,9.2582,2.0414,9.0312,18.5322,21.9359,27.1831,751.3285,427.7532,1.4471,7.1924,461.9537,698.6826,955.5084,346.1153,255.789,1.5722,4.849,181.0184,258.841,352.4288
G7,3.5 um Binimetinib -ve control,4,G7_tile_4_fused_tp_0,45,130318.4889,0.00034531,13248.8214,29,0.64444,10.6222,2.0146,0.39302,2.5096,9,10,12,29.7783,7.4168,-0.91733,3.3305,24.834,31.2241,35.8147,23.9456,7.0638,0.97717,4.93,19.1357,23.216,27.1186,775.7053,400.365,0.20162,2.7508,516.7233,751.174,1062.3716,245.3485,110.6817,1.0751,5.0243,165.5798,237.5662,289.6118
G7,3.5 um Binimetinib -ve control,5,G7_tile_5_fused_tp_0,63,241856.7887,0.00026048,19746.0317,36,0.57143,11.4603,2.2131,0.85433,3.375,10,11,12,34.7455,9.222,-0.90716,3.3511,29.2637,36.8918,42.4122,25.2931,7.739,1.1653,5.6521,20.3,23.8514,29.3849,912.6671,528.0925,0.61972,3.064,499.0418,826.9651,1233.0682,290.3828,155.0429,1.6574,5.4873,200.9918,244.6473,340.4686
G7,3.5 um Binimetinib -ve control,6,G7_tile_6_fused_tp_0,46,232205.5585,0.0001981,19444.5387,28,0.6087,10.8261,2.5932,0.78867,3.0938,9,10,12,37.4206,7.2082,-0.68037,2.3685,33.7209,39.6852,42.7205,29.1763,9.8852,0.48768,3.0361,21.7606,28.3029,35.6197,1304.5256,1126.0601,2.2287,10.2054,591.3567,1028.8604,1598.0569,373.9334,242.7568,1.1322,4.6086,197.2789,347.2458,483.1741
G7,3.5 um Binimetinib -ve control,7,G7_tile_7_fused_tp_0,94,363387.6696,0.00025868,26500.9828,36,0.38298,12.2128,2.4664,0.65276,3.8007,10,12,14,38.0174,11.3206,-0.47153,3.2953,30.9682,40.3732,44.633,25.1787,10.2444,1.9209,9.5295,18.6291,23.8393,28.7057,812.9478,510.457,1.0673,4.3687,459.0011,710.0896,1058.1082,389.7203,294.5924,2.027,7.8884,197.4471,317.8779,472.5275
G7,3.5 um Binimetinib -ve control,8,G7_tile_8_fused_tp_0,107,740755.2752,0.00014445,47062.5124,22,0.20561,13.2336,2.5609,-0.031394,2.6723,11,13,15,45.3072,19.765,0.59778,2.9581,32.7199,43.3547,56.9164,31.5136,19.6792,2.4349,10.1699,19.965,26.0063,34.7224,1272.7754,1504.1629,4.8457,37.5376,549.2175,877.5226,1414.2925,1176.5628,1447.421,2.5999,9.8175,381.7302,769.8356,1293.6053
G7,3.5 um Binimetinib -ve control,9,G7_tile_9_fused_tp_0,74,491882.5974,0.00015044,37269.0102,23,0.31081,12.0541,2.7443,0.24746,2.7979,10,12,14,42.2211,20.8055,1.1947,4.313,28.9684,38.858,50.103,30.5934,20.2211,2.4106,9.2651,19.2083,24.5262,32.5956,1397.3937,2161.0693,5.2576,39.0502,510.9503,777.2513,1340.5777,887.3574,903.865,2.853,14.1876,314.5891,711.7126,1153.6166
G8,3.5 um Binimetinib -ve control,0,G8_tile_0_fused_tp_0,159,3145214.208,5.0553e-05,122526.113,16,0.10063,13.9245,3.0389,0.41005,3.6477,12,14,16,58.8684,29.7295,1.2099,4.1997,39.3125,52.5697,66.2267,38.7291,31.8294,2.6615,11.5708,21.5305,27.6563,41.4578,3363.8655,9646.1859,12.7716,245.1872,635.4678,1163.4597,2399.6335,4375.9326,4486.6355,1.4137,4.3474,987.2733,3300.722,6202.0512
G8,3.5 um Binimetinib -ve control,1,G8_tile_1_fused_tp_0,68,745228.4094,9.1247e-05,47364.9943,20,0.29412,12.5,2.995,-0.036939,2.4218,10,13,15,49.9224,22.6858,0.81424,3.8959,35.7727,47.9195,63.205,39.9588,25.8881,1.327,4.5385,21.2814,30.2097,54.0628,2191.8483,3920.6092,5.7212,47.4272,552.4486,1075.1931,2034.8363,1315.6943,1487.7764,1.8007,5.3706,340.7784,766.0945,1716.0284
G8,3.5 um Binimetinib -ve control,2,G8_tile_2_fused_tp_0,98,1090400.3499,8.9875e-05,72503.6877,13,0.13265,13.3265,2.9032,0.55211,3.4018,11,13,15,45.0953,27.0459,1.3882,4.2649,29.9354,35.699,52.3735,35.3554,28.1945,2.264,8.7924,18.8042,23.9793,39.0686,2000.7346,3594.8368,4.2768,26.1381,463.399,783.3268,1605.1689,3295.6222,1934.6632,0.38738,2.1619,1466.9841,3352.2323,4539.1337
G8,3.5 um Binimetinib -ve control,3,G8_tile_3_fused_tp_0,95,357462.6134,0.00026576,26984.3697,38,0.4,12.1474,2.445,0.49994,3.3803,11,12,13,38.8417,11.8089,0.8014,6.3207,32.6668,38.5913,44.9663,25.3652,12.1622,2.4817,11.3694,18.0611,22.7051,28.7379,799.6926,553.9937,1.8504,8.6123,426.9506,722.5184,1002.7545,374.7829,279.1456,2.3731,10.4986,223.4568,284.729,415.8937
G8,3.5 um Binimetinib -ve control,4,G8_tile_4_fused_tp_0,70,475264.8694,0.00014729,32757.9436,25,0.35714,12.3714,2.5319,0.20821,2.2125,10,12,14,41.9325,13.4537,-0.055229,2.9475,31.2177,42.5353,51.7333,31.5304,15.5168,1.6806,6.3432,22.1479,27.845,37.0833,1393.7386,1361.496,3.6666,28.6497,537.5705,1065.0973,1776.2315,712.1292,591.473,1.5363,4.8118,276.5999,574.9272,809.7988
G8,3.5 um Binimetinib -ve control,5,G8_tile_5_fused_tp_0,89,584880.9843,0.00015217,39078.28,21,0.23596,12.809,2.5579,0.49273,3.2272,11,13,14.25,45.3289,17.7877,0.37736,3.1712,33.4863,43.4481,56.2152,31.0159,19.8182,2.2911,9.278,19.2343,24.6476,35.4769,1263.2419,1561.9742,3.3604,16.5543,456.6476,801.2399,1384.4418,1028.3758,1074.6526,1.6763,5.3556,290.9851,551.8794,1499.2266
G8,3.5 um Binimetinib -ve control,6,G8_tile_6_fused_tp_0,61,513833.311,0.00011872,46681.2677,20,0.32787,12.3279,2.7672,0.18395,2.156,10,12,14.25,47.0129,28.7737,1.3929,4.523,26.3434,39.2263,54.6669,38.8593,30.0317,1.8498,5.753,20.6554,26.838,42.7921,1724.2729,2314.9361,3.0002,12.5938,572.8844,891.322,1713.3673,1296.7019,1970.8069,2.7173,10.387,280.7899,517.7109,1247.5153
G8,3.5 um Binimetinib -ve control,7,G8_tile_7_fused_tp_0,64,395123.7861,0.00016197,31189.8981,26,0.40625,11.9688,2.3568,0.75624,2.8313,10,11,14,42.3514,18.6205,1.9493,7.0782,31.9035,40.4058,44.1328,34.931,24.7729,2.4152,9.176,21.2693,26.9084,36.5906,1334.8777,1104.5647,2.0711,8.6591,595.7348,1032.6684,1665.5638,649.7895,631.6695,3.2742,17.0891,285.6785,486.6914,765.9879
G8,3.5 um Binimetinib -ve control,8,G8_tile_8_fused_tp_0,96,736356.8281,0.00013037,45873.7207,23,0.23958,12.5208,2.8172,0.77446,3.8202,11,12,14,46.8172,16.5616,1.3781,7.0806,38.0987,46.5049,53.0636,32.7017,18.8536,2.6603,12.1876,22.3721,27.9053,35.4369,1518.2615,1398.4078,4.3241,38.3801,736.8617,1205.2722,1852.1268,1092.2314,871.2205,1.4963,4.7856,404.5557,883.2184,1367.3992
G8,3.5 um Binimetinib -ve control,9,G8_tile_9_fused_tp_0,195,1376769.3372,0.00014164,67040.7478,34,0.17436,13.6,2.7962,0.20486,3.046,12,14,16,53.4786,17.8789,0.53228,4.3981,42.3664,53.0675,63.9845,29.3901,16.5674,2.891,14.1516,20.4256,25.5203,31.7315,1251.6085,1232.7937,4.3213,30.6007,640.6858,950.1824,1424.3386,1047.5117,986.9865,1.9745,7.3114,388.9311,708.5007,1484.2903
